-- MySQL dump 10.13  Distrib 5.1.35, for Win32 (ia32)
--
-- Host: localhost    Database: smartparent
-- ------------------------------------------------------
-- Server version	5.1.35-community

/*!40101 SET @OLD_CHARACTER_SET_CLIENT=@@CHARACTER_SET_CLIENT */;
/*!40101 SET @OLD_CHARACTER_SET_RESULTS=@@CHARACTER_SET_RESULTS */;
/*!40101 SET @OLD_COLLATION_CONNECTION=@@COLLATION_CONNECTION */;
/*!40101 SET NAMES utf8 */;
/*!40103 SET @OLD_TIME_ZONE=@@TIME_ZONE */;
/*!40103 SET TIME_ZONE='+00:00' */;
/*!40014 SET @OLD_UNIQUE_CHECKS=@@UNIQUE_CHECKS, UNIQUE_CHECKS=0 */;
/*!40014 SET @OLD_FOREIGN_KEY_CHECKS=@@FOREIGN_KEY_CHECKS, FOREIGN_KEY_CHECKS=0 */;
/*!40101 SET @OLD_SQL_MODE=@@SQL_MODE, SQL_MODE='NO_AUTO_VALUE_ON_ZERO' */;
/*!40111 SET @OLD_SQL_NOTES=@@SQL_NOTES, SQL_NOTES=0 */;

--
-- Table structure for table `call_log_incoming_call`
--

DROP TABLE IF EXISTS `call_log_incoming_call`;
/*!40101 SET @saved_cs_client     = @@character_set_client */;
/*!40101 SET character_set_client = utf8 */;
CREATE TABLE `call_log_incoming_call` (
  `in_call_id` int(11) NOT NULL AUTO_INCREMENT,
  `phonenumber` varchar(50) DEFAULT NULL,
  `date_of_call` date DEFAULT NULL,
  `time_of_call` time DEFAULT NULL,
  `duration` varchar(20) DEFAULT NULL,
  `login_id` varchar(20) DEFAULT NULL,
  PRIMARY KEY (`in_call_id`)
) ENGINE=InnoDB AUTO_INCREMENT=20 DEFAULT CHARSET=latin1;
/*!40101 SET character_set_client = @saved_cs_client */;

--
-- Dumping data for table `call_log_incoming_call`
--

LOCK TABLES `call_log_incoming_call` WRITE;
/*!40000 ALTER TABLE `call_log_incoming_call` DISABLE KEYS */;
INSERT INTO `call_log_incoming_call` VALUES (1,'98756776542','2012-02-12','00:00:10','5','1'),(2,'98756745542','2014-06-12','00:00:10','5','2'),(3,'987556776542','2012-07-12','00:00:10','5','3'),(4,'98756776542','2012-02-12','00:00:15','5','1'),(5,'98756745542','2014-06-12','00:00:15','5','2'),(6,'987556776542','2012-07-12','00:00:15','5','3'),(7,'98756776542','2012-02-12','00:00:10','5','1'),(8,'98756745542','2014-06-12','00:00:10','5','2'),(9,'987556776542','2012-07-12','00:00:10','5','3'),(10,'98756776542','2012-02-12','00:00:15','5','1'),(11,'98756745542','2014-06-12','00:00:15','5','2'),(12,'987556776542','2012-07-12','00:00:15','5','3'),(13,'98756776542','2012-02-12','00:00:10','5','1'),(14,'98756745542','2014-06-12','00:00:10','5','2'),(15,'987556776542','2012-07-12','00:00:10','5','3'),(16,'98756776542','2012-02-12','00:00:15','5','1'),(17,'98756745542','2014-06-12','00:00:15','5','2'),(18,'987556776542','2012-07-12','00:00:15','5','3'),(19,'null','2012-12-28','15:41:27','null','8');
/*!40000 ALTER TABLE `call_log_incoming_call` ENABLE KEYS */;
UNLOCK TABLES;

--
-- Table structure for table `call_log_outgoing_call`
--

DROP TABLE IF EXISTS `call_log_outgoing_call`;
/*!40101 SET @saved_cs_client     = @@character_set_client */;
/*!40101 SET character_set_client = utf8 */;
CREATE TABLE `call_log_outgoing_call` (
  `out_call_id` int(11) NOT NULL AUTO_INCREMENT,
  `phonenumber` varchar(50) DEFAULT NULL,
  `date_of_call` date DEFAULT NULL,
  `time_of_call` time DEFAULT NULL,
  `duration` varchar(20) DEFAULT NULL,
  `login_id` varchar(20) DEFAULT NULL,
  PRIMARY KEY (`out_call_id`)
) ENGINE=InnoDB AUTO_INCREMENT=25 DEFAULT CHARSET=latin1;
/*!40101 SET character_set_client = @saved_cs_client */;

--
-- Dumping data for table `call_log_outgoing_call`
--

LOCK TABLES `call_log_outgoing_call` WRITE;
/*!40000 ALTER TABLE `call_log_outgoing_call` DISABLE KEYS */;
INSERT INTO `call_log_outgoing_call` VALUES (1,'98756776542','2012-02-12','00:00:10','5','1'),(2,'98756745542','2014-06-12','00:00:10','5','2'),(3,'987556776542','2012-07-12','00:00:10','5','3'),(4,'98756776542','2012-02-12','00:00:15','5','1'),(5,'98756745542','2014-06-12','00:00:15','5','2'),(6,'987556776542','2012-07-12','00:00:15','5','3'),(7,'null','2012-12-28','15:47:56','null','8'),(8,'null','2012-12-28','15:47:57','null','8'),(9,'null','2012-12-28','15:47:57','null','8'),(10,'null','2013-01-01','13:44:11','null','null'),(11,'+919747489421','2013-01-27','13:52:20','0:0:0','17'),(12,'+919747489421','2013-01-27','13:52:21','0:0:0','17'),(13,'+919747489421','2013-01-27','13:54:51','0:0:0','17'),(14,'+919747489421','2013-01-27','13:54:51','0:0:4','17'),(15,'+919747489421','2013-01-27','13:54:51','0:0:4','17'),(16,'+919747489421','2013-01-27','13:54:51','0:0:4','17'),(17,'+919747489421','2013-01-27','13:54:52','0:0:4','17'),(18,'+919747489421','2013-01-27','13:54:52','0:0:4','17'),(19,'+919747489421','2013-01-27','13:54:52','0:0:4','17'),(20,'+919747489421','2013-01-27','13:54:52','0:0:4','17'),(21,'+919747489421','2013-01-27','13:54:52','0:0:4','17'),(22,'+919747489421','2013-01-27','13:54:52','0:0:4','17'),(23,'+919747489421','2013-01-27','13:54:52','0:0:4','17'),(24,'+919747489421','2013-01-27','13:54:52','0:0:4','17');
/*!40000 ALTER TABLE `call_log_outgoing_call` ENABLE KEYS */;
UNLOCK TABLES;

--
-- Table structure for table `contacts`
--

DROP TABLE IF EXISTS `contacts`;
/*!40101 SET @saved_cs_client     = @@character_set_client */;
/*!40101 SET character_set_client = utf8 */;
CREATE TABLE `contacts` (
  `contact_id` int(11) NOT NULL AUTO_INCREMENT,
  `contact_name` varchar(50) DEFAULT NULL,
  `contactno1` varchar(50) DEFAULT NULL,
  `contactno2` varchar(50) DEFAULT NULL,
  `login_id` varchar(50) DEFAULT NULL,
  PRIMARY KEY (`contact_id`)
) ENGINE=InnoDB AUTO_INCREMENT=699 DEFAULT CHARSET=latin1;
/*!40101 SET character_set_client = @saved_cs_client */;

--
-- Dumping data for table `contacts`
--

LOCK TABLES `contacts` WRITE;
/*!40000 ALTER TABLE `contacts` DISABLE KEYS */;
INSERT INTO `contacts` VALUES (1,'null','null','null','null'),(2,'Anju','897-546','986-542-357','null'),(3,'gghjj','9895666707','null','14'),(4,'nithim','5632','5696','14'),(5,'akhil','.8623','853 ','14'),(6,'aaa','123','null','14'),(7,'gghjj','9895666707','null','15'),(8,'nithim','5632','5696','15'),(9,'akhil','.8623','853 ','15'),(10,'aaa','123','null','15'),(11,'Kp','9496347332','null','15'),(12,'Dpd','9895288541','null','15'),(13,'jeena','9387569223','null','15'),(14,'Sruthy Poly','+918547277558','null','15'),(15,'Nayana','9744629309','null','15'),(16,'Favas','+919633431983','null','15'),(17,'Pradiba','8086496606','null','15'),(18,'Abay','+917845839770','null','15'),(19,'Dibin','9567696461','null','15'),(20,'smisha_bsnl','8547923625','null','15'),(21,'Sumitha','9048276928','null','15'),(22,'Jefin','9633653835','null','15'),(23,'Sindhu','9744840859','null','15'),(24,'Sarath','9447746512','null','15'),(25,'Nano','+919744153007','null','15'),(26,'Admin','9497067091','null','15'),(27,'Novo cmptrs','04876067706','null','15'),(28,'Faison','+918089561113','null','15'),(29,'Kgr_jithn','+919496324029','null','15'),(30,'Ruveena','09496059670','null','15'),(31,'Nethu','08907767234','null','15'),(32,'Aneesha','9048284274','null','15'),(33,'Jeeshma','9544004964','null','15'),(34,'Srucheche','+919747349971','null','15'),(35,'Chinju','9744902733','null','15'),(36,'Jithinraj','9497669636','null','15'),(37,'Raiha','04885211864','null','15'),(38,'Renjith2','+917304206260','null','15'),(39,'smisha aliyas','9446475006','null','15'),(40,'Shanaf','+919895920289','null','15'),(41,' Jithin','09961539516','null','15'),(42,'Shibin','09037075273','null','15'),(43,'Arun Tvm','+919746603796','null','15'),(44,'Lincy','+919745718681','null','15'),(45,'Chthra R','+917736118104','null','15'),(46,'Lamiya','+919567817111','null','15'),(47,'Swapna','9645404587','null','15'),(48,'anju_kollam','+918943364744','null','15'),(49,'shibin1','9495136138','null','15'),(50,'Arun4','7736583510','null','15'),(51,'Raihanath','+919645239459','null','15'),(52,'Customer Care','458','null','15'),(53,'A','*123#','null','15'),(54,'Raji..','9744119837','null','15'),(55,'Jaseela','9809681595','null','15'),(56,'Sreejith','9995985725','null','15'),(57,'Ajith','8089797695','null','15'),(58,'Asha','9048618270','null','15'),(59,'Ashiq','08907921339','null','15'),(60,'Sow_hom','04885276818','null','15'),(61,'Nimisha','9387242180','null','15'),(62,'Ranjitha Manoj','9947589098','null','15'),(63,'John','9633329746','null','15'),(64,'Nidhila','+919446476898','null','15'),(65,'Sahala','+919400776885','null','15'),(66,'GOPIKA','08547111785','null','15'),(67,'Kozhy','+919539032569','null','15'),(68,'Sreeja','+919539333163','null','15'),(69,'Nishad','9747041197','null','15'),(70,'Kannan Chetan','9446882546','null','15'),(71,'Muhsina','09633650874','null','15'),(72,'Sivadasan Aloo','9947183829','null','15'),(73,'Anitha','+918547916365','null','15'),(74,'uthara','9400530948','null','15'),(75,'Nimi','9947653448','null','15'),(76,'surayach','+919895070199','null','15'),(77,'Divya','9446489673','null','15'),(78,'Nidiya','+918129719968','null','15'),(79,'Deepthy','+918891182027','null','15'),(80,'Sowmu','+919400040477','null','15'),(81,'Bonu..','+919809798790','null','15'),(82,'Dhanya','9947895483','null','15'),(83,'Jith','+919544995999','null','15'),(84,'Jisha','+918129459032','null','15'),(85,'Riya','9746723292','null','15'),(86,'Nancy','9387679828','null','15'),(87,'Vinu Home','04885281789','null','15'),(88,'Lisiyaz','9172423610','null','15'),(89,'Swathy','09567706589','null','15'),(90,'Hemdas','+919497836391','null','15'),(91,'nithu','9886609431','null','15'),(92,'Twilit','9895982132','null','15'),(93,'sreejith os','09986872236','null','15'),(94,'twinkle','9633766991','null','15'),(95,'Bijith','+919567848446','null','15'),(96,'Jyothisha','9747942269','null','15'),(97,'Favu','+918891201135','null','15'),(98,'vidhya_poly','9400739665','null','15'),(99,'Dhanesh','9567701711','null','15'),(100,'Achan','+914872939688','null','15'),(101,'Nidhn','9961753625','null','15'),(102,'Bijith_kgr','+919061395269','null','15'),(103,'siny_thayal','04885227483','null','15'),(104,'Rejil','+919496350842','null','15'),(105,'Haris','+919746100106','null','15'),(106,'Kidangur','04822256056','null','15'),(107,'Sowmya','08129214517','null','15'),(108,'Neethu_hme','04872401240','null','15'),(109,'Akku','8086596062','null','15'),(110,'Suresh Sir','9947324188','null','15'),(111,'Sajitha Cheche','9605576419','null','15'),(112,'Kgr_Rathesh','+919496350855','null','15'),(113,'Kgr_Gayathri','09895237014','null','15'),(114,'Anjali R','9495561215','null','15'),(115,'Usha','9605333905','null','15'),(116,'Raiza','9746195270','null','15'),(117,'Chantu','9947114991','null','15'),(118,'Kgr_Prajith','9656578011','null','15'),(119,'Shantha Cheche','9249308990','null','15'),(120,'Kgr Praji.','8089759534','null','15'),(121,'Sajitha','09961610228','null','15'),(122,'Sre..panikar','9447669805','null','15'),(123,'Guddi','09746802063','null','15'),(124,'Kgr aisha','+918891784686','null','15'),(125,'Nimikutan','+919562877847','null','15'),(126,'Veena','8547816003','null','15'),(127,'Liji','9497627664','null','15'),(128,'Nithu_kerala','+918943489393','null','15'),(129,'Lis_kerala','+917293305455','null','15'),(130,'Komel','+919446832569','null','15'),(131,'Radhika','+919400124958','null','15'),(132,'Rabitha','9400725134','null','15'),(133,'Kgr Sruthy','+919645541242','null','15'),(134,'Jithu','+919567938252','null','15'),(135,'Kgr Vishnu','+919496577443','null','15'),(136,'Punjar_neethu','9526478893','null','15'),(137,'Sajeev_wif','09847418956','null','15'),(138,'Aswa_shangu','09447708467','null','15'),(139,'Aisha sai','+918891674609','null','15'),(140,'Sree','+919633458850','null','15'),(141,'Meenu..','+919400757012','null','15'),(142,'Vim_hom','04885203006','null','15'),(143,'RENJITH','9633698440','null','15'),(144,'Nayan','+919061312684','null','15'),(145,'karthika','9656454339','null','15'),(146,'Novo','9544600192','null','15'),(147,'nayanu','9605958156','null','15'),(148,'vineesha','+919249126227','null','15'),(149,'arun','9995324319','null','15'),(150,'Neethu1','+917736220459','null','15'),(151,'abi','09633140859','null','15'),(152,'Anju Papa','09746721288','null','15'),(153,'Kgr_diana','9495184188','null','15'),(154,'Kgr.athira','04822255292','null','15'),(155,'Kgr _anjaly','04822255194','null','15'),(156,'Sajith','+919995986181','null','15'),(157,'Renju1','+919539640403','null','15'),(158,'Riya_kgr','09447100757','null','15'),(159,'Nayanus','+917403307392','null','15'),(160,'Kgr_sarath','09746946549','null','15'),(161,'Kgr1nidhila','+919645540294','null','15'),(162,'Kgr1tinju','9567848246','null','15'),(163,'Kgr1sreekala','9633882811','null','15'),(164,'surya..k','9496350056','null','15'),(165,'Kgr1divya','+919497663998','null','15'),(166,'juju','09605854417','null','15'),(167,'SBI','04885222656','null','15'),(168,'Midhun','8893923297','null','15'),(169,'Hemadas','09633653121','null','15'),(170,'Sowmini','9388093999','null','15'),(171,'Diana','+919497819504','null','15'),(172,'Kgr1jasmine','9895987378','null','15'),(173,'athira poly','9567160470','null','15'),(174,'surya','9020271870','null','15'),(175,'Kgr1devi','9961234056','null','15'),(176,'Krishnendu','+919400387425','null','15'),(177,'Renju','+919048230615','null','15'),(178,'Ammu','9846185878','null','15'),(179,'Arun Chetan','+918907138139','null','15'),(180,'Sunil.poly','9746257319','null','15'),(181,'Janumaman','9645035615','null','15'),(182,'Golden','9847228114','null','15'),(183,'Golden Poly','9142203861','null','15'),(184,'Kgr_jayesh','+919746582524','null','15'),(185,'Krish_indu','+919745389399','null','15'),(186,'Vetdoct','9447466301','null','15'),(187,'Pradiba.hm','04884262671','null','15'),(188,'Kgr_Gaya3 ','9447786661','null','15'),(189,'Anjana','9495752535','null','15'),(190,'Appaman','09288801732','null','15'),(191,'vinu','9446591789','null','15'),(192,'Neethu','9645145330','null','15'),(193,'kanan','09961540166','null','15'),(194,'Tintu','9995432044','null','15'),(195,'thasna..nw','9946276674','null','15'),(196,'ATHIRA GMBHS','09037814958','null','15'),(197,'SUMI','+b919946649765','null','15'),(198,'jabi','7411578415','null','15'),(199,'as-shangu','08095790733','null','15'),(200,'sujithra','9400621442','null','15'),(201,'bonitha','9656172827','null','15'),(202,'greeshma','8907014294','null','15'),(203,'gghjj','9895666707','null','16'),(204,'nithim','5632','5696','16'),(205,'akhil','.8623','853 ','16'),(206,'aaa','123','null','16'),(207,'Kp','9496347332','null','16'),(208,'Dpd','9895288541','null','16'),(209,'jeena','9387569223','null','16'),(210,'Sruthy Poly','+918547277558','null','16'),(211,'Nayana','9744629309','null','16'),(212,'Favas','+919633431983','null','16'),(213,'Pradiba','8086496606','null','16'),(214,'Abay','+917845839770','null','16'),(215,'Dibin','9567696461','null','16'),(216,'smisha_bsnl','8547923625','null','16'),(217,'Sumitha','9048276928','null','16'),(218,'Jefin','9633653835','null','16'),(219,'Sindhu','9744840859','null','16'),(220,'Sarath','9447746512','null','16'),(221,'Nano','+919744153007','null','16'),(222,'Admin','9497067091','null','16'),(223,'Novo cmptrs','04876067706','null','16'),(224,'Faison','+918089561113','null','16'),(225,'Kgr_jithn','+919496324029','null','16'),(226,'Ruveena','09496059670','null','16'),(227,'Nethu','08907767234','null','16'),(228,'Aneesha','9048284274','null','16'),(229,'Jeeshma','9544004964','null','16'),(230,'Srucheche','+919747349971','null','16'),(231,'Chinju','9744902733','null','16'),(232,'Jithinraj','9497669636','null','16'),(233,'Raiha','04885211864','null','16'),(234,'Renjith2','+917304206260','null','16'),(235,'smisha aliyas','9446475006','null','16'),(236,'Shanaf','+919895920289','null','16'),(237,' Jithin','09961539516','null','16'),(238,'Shibin','09037075273','null','16'),(239,'Arun Tvm','+919746603796','null','16'),(240,'Lincy','+919745718681','null','16'),(241,'Chthra R','+917736118104','null','16'),(242,'Lamiya','+919567817111','null','16'),(243,'Swapna','9645404587','null','16'),(244,'anju_kollam','+918943364744','null','16'),(245,'shibin1','9495136138','null','16'),(246,'Arun4','7736583510','null','16'),(247,'Raihanath','+919645239459','null','16'),(248,'Customer Care','458','null','16'),(249,'A','*123#','null','16'),(250,'Raji..','9744119837','null','16'),(251,'Jaseela','9809681595','null','16'),(252,'Sreejith','9995985725','null','16'),(253,'Ajith','8089797695','null','16'),(254,'Asha','9048618270','null','16'),(255,'Ashiq','08907921339','null','16'),(256,'Sow_hom','04885276818','null','16'),(257,'Nimisha','9387242180','null','16'),(258,'Ranjitha Manoj','9947589098','null','16'),(259,'John','9633329746','null','16'),(260,'Nidhila','+919446476898','null','16'),(261,'Sahala','+919400776885','null','16'),(262,'GOPIKA','08547111785','null','16'),(263,'Kozhy','+919539032569','null','16'),(264,'Sreeja','+919539333163','null','16'),(265,'Nishad','9747041197','null','16'),(266,'Kannan Chetan','9446882546','null','16'),(267,'Muhsina','09633650874','null','16'),(268,'Sivadasan Aloo','9947183829','null','16'),(269,'Anitha','+918547916365','null','16'),(270,'uthara','9400530948','null','16'),(271,'Nimi','9947653448','null','16'),(272,'surayach','+919895070199','null','16'),(273,'Divya','9446489673','null','16'),(274,'Nidiya','+918129719968','null','16'),(275,'Deepthy','+918891182027','null','16'),(276,'Sowmu','+919400040477','null','16'),(277,'Bonu..','+919809798790','null','16'),(278,'Dhanya','9947895483','null','16'),(279,'Jith','+919544995999','null','16'),(280,'Jisha','+918129459032','null','16'),(281,'Riya','9746723292','null','16'),(282,'Nancy','9387679828','null','16'),(283,'Vinu Home','04885281789','null','16'),(284,'Lisiyaz','9172423610','null','16'),(285,'Swathy','09567706589','null','16'),(286,'Hemdas','+919497836391','null','16'),(287,'nithu','9886609431','null','16'),(288,'Twilit','9895982132','null','16'),(289,'sreejith os','09986872236','null','16'),(290,'twinkle','9633766991','null','16'),(291,'Bijith','+919567848446','null','16'),(292,'Jyothisha','9747942269','null','16'),(293,'Favu','+918891201135','null','16'),(294,'vidhya_poly','9400739665','null','16'),(295,'Dhanesh','9567701711','null','16'),(296,'Achan','+914872939688','null','16'),(297,'Nidhn','9961753625','null','16'),(298,'Bijith_kgr','+919061395269','null','16'),(299,'siny_thayal','04885227483','null','16'),(300,'Rejil','+919496350842','null','16'),(301,'Haris','+919746100106','null','16'),(302,'Kidangur','04822256056','null','16'),(303,'Sowmya','08129214517','null','16'),(304,'Neethu_hme','04872401240','null','16'),(305,'Akku','8086596062','null','16'),(306,'Suresh Sir','9947324188','null','16'),(307,'Sajitha Cheche','9605576419','null','16'),(308,'Kgr_Rathesh','+919496350855','null','16'),(309,'Kgr_Gayathri','09895237014','null','16'),(310,'Anjali R','9495561215','null','16'),(311,'Usha','9605333905','null','16'),(312,'Raiza','9746195270','null','16'),(313,'Chantu','9947114991','null','16'),(314,'Kgr_Prajith','9656578011','null','16'),(315,'Shantha Cheche','9249308990','null','16'),(316,'Kgr Praji.','8089759534','null','16'),(317,'Sajitha','09961610228','null','16'),(318,'Sre..panikar','9447669805','null','16'),(319,'Guddi','09746802063','null','16'),(320,'Kgr aisha','+918891784686','null','16'),(321,'Nimikutan','+919562877847','null','16'),(322,'Veena','8547816003','null','16'),(323,'Liji','9497627664','null','16'),(324,'Nithu_kerala','+918943489393','null','16'),(325,'Lis_kerala','+917293305455','null','16'),(326,'Komel','+919446832569','null','16'),(327,'Radhika','+919400124958','null','16'),(328,'Rabitha','9400725134','null','16'),(329,'Kgr Sruthy','+919645541242','null','16'),(330,'Jithu','+919567938252','null','16'),(331,'Kgr Vishnu','+919496577443','null','16'),(332,'Punjar_neethu','9526478893','null','16'),(333,'Sajeev_wif','09847418956','null','16'),(334,'Aswa_shangu','09447708467','null','16'),(335,'Aisha sai','+918891674609','null','16'),(336,'Sree','+919633458850','null','16'),(337,'Meenu..','+919400757012','null','16'),(338,'Vim_hom','04885203006','null','16'),(339,'RENJITH','9633698440','null','16'),(340,'Nayan','+919061312684','null','16'),(341,'karthika','9656454339','null','16'),(342,'Novo','9544600192','null','16'),(343,'nayanu','9605958156','null','16'),(344,'vineesha','+919249126227','null','16'),(345,'arun','9995324319','null','16'),(346,'Neethu1','+917736220459','null','16'),(347,'abi','09633140859','null','16'),(348,'Anju Papa','09746721288','null','16'),(349,'Kgr_diana','9495184188','null','16'),(350,'Kgr.athira','04822255292','null','16'),(351,'Kgr _anjaly','04822255194','null','16'),(352,'Sajith','+919995986181','null','16'),(353,'Renju1','+919539640403','null','16'),(354,'Riya_kgr','09447100757','null','16'),(355,'Nayanus','+917403307392','null','16'),(356,'Kgr_sarath','09746946549','null','16'),(357,'Kgr1nidhila','+919645540294','null','16'),(358,'Kgr1tinju','9567848246','null','16'),(359,'Kgr1sreekala','9633882811','null','16'),(360,'surya..k','9496350056','null','16'),(361,'Kgr1divya','+919497663998','null','16'),(362,'juju','09605854417','null','16'),(363,'SBI','04885222656','null','16'),(364,'Midhun','8893923297','null','16'),(365,'Hemadas','09633653121','null','16'),(366,'Sowmini','9388093999','null','16'),(367,'Diana','+919497819504','null','16'),(368,'Kgr1jasmine','9895987378','null','16'),(369,'athira poly','9567160470','null','16'),(370,'surya','9020271870','null','16'),(371,'Kgr1devi','9961234056','null','16'),(372,'Krishnendu','+919400387425','null','16'),(373,'Renju','+919048230615','null','16'),(374,'Ammu','9846185878','null','16'),(375,'Arun Chetan','+918907138139','null','16'),(376,'Sunil.poly','9746257319','null','16'),(377,'Janumaman','9645035615','null','16'),(378,'Golden','9847228114','null','16'),(379,'Golden Poly','9142203861','null','16'),(380,'Kgr_jayesh','+919746582524','null','16'),(381,'Krish_indu','+919745389399','null','16'),(382,'Vetdoct','9447466301','null','16'),(383,'Pradiba.hm','04884262671','null','16'),(384,'Kgr_Gaya3 ','9447786661','null','16'),(385,'Anjana','9495752535','null','16'),(386,'Appaman','09288801732','null','16'),(387,'vinu','9446591789','null','16'),(388,'Neethu','9645145330','null','16'),(389,'kanan','09961540166','null','16'),(390,'Tintu','9995432044','null','16'),(391,'thasna..nw','9946276674','null','16'),(392,'ATHIRA GMBHS','09037814958','null','16'),(393,'SUMI','+b919946649765','null','16'),(394,'jabi','7411578415','null','16'),(395,'as-shangu','08095790733','null','16'),(396,'sujithra','9400621442','null','16'),(397,'bonitha','9656172827','null','16'),(398,'greeshma','8907014294','null','16'),(399,'gghjj','9895666707','null','17'),(400,'nithim','5632','5696','17'),(401,'akhil','.8623','853 ','17'),(402,'aaa','123','null','17'),(403,'Kp','9496347332','null','17'),(404,'Dpd','9895288541','null','17'),(405,'jeena','9387569223','null','17'),(406,'Sruthy Poly','+918547277558','null','17'),(407,'Nayana','9744629309','null','17'),(408,'Favas','+919633431983','null','17'),(409,'Pradiba','8086496606','null','17'),(410,'Abay','+917845839770','null','17'),(411,'Dibin','9567696461','null','17'),(412,'smisha_bsnl','8547923625','null','17'),(413,'Sumitha','9048276928','null','17'),(414,'Jefin','9633653835','null','17'),(415,'Sindhu','9744840859','null','17'),(416,'Sarath','9447746512','null','17'),(417,'Nano','+919744153007','null','17'),(418,'Admin','9497067091','null','17'),(419,'Novo cmptrs','04876067706','null','17'),(420,'Faison','+918089561113','null','17'),(421,'Kgr_jithn','+919496324029','null','17'),(422,'Ruveena','09496059670','null','17'),(423,'Nethu','08907767234','null','17'),(424,'Aneesha','9048284274','null','17'),(425,'Jeeshma','9544004964','null','17'),(426,'Srucheche','+919747349971','null','17'),(427,'Chinju','9744902733','null','17'),(428,'Jithinraj','9497669636','null','17'),(429,'Raiha','04885211864','null','17'),(430,'Renjith2','+917304206260','null','17'),(431,'smisha aliyas','9446475006','null','17'),(432,'Shanaf','+919895920289','null','17'),(433,' Jithin','09961539516','null','17'),(434,'Shibin','09037075273','null','17'),(435,'Arun Tvm','+919746603796','null','17'),(436,'Lincy','+919745718681','null','17'),(437,'Chthra R','+917736118104','null','17'),(438,'Lamiya','+919567817111','null','17'),(439,'Swapna','9645404587','null','17'),(440,'anju_kollam','+918943364744','null','17'),(441,'shibin1','9495136138','null','17'),(442,'Arun4','7736583510','null','17'),(443,'Raihanath','+919645239459','null','17'),(444,'Customer Care','458','null','17'),(445,'A','*123#','null','17'),(446,'Raji..','9744119837','null','17'),(447,'Jaseela','9809681595','null','17'),(448,'Sreejith','9995985725','null','17'),(449,'Ajith','8089797695','null','17'),(450,'Asha','9048618270','null','17'),(451,'Ashiq','08907921339','null','17'),(452,'Sow_hom','04885276818','null','17'),(453,'Nimisha','9387242180','null','17'),(454,'Ranjitha Manoj','9947589098','null','17'),(455,'John','9633329746','null','17'),(456,'Nidhila','+919446476898','null','17'),(457,'Sahala','+919400776885','null','17'),(458,'GOPIKA','08547111785','null','17'),(459,'Kozhy','+919539032569','null','17'),(460,'Sreeja','+919539333163','null','17'),(461,'Nishad','9747041197','null','17'),(462,'Kannan Chetan','9446882546','null','17'),(463,'Muhsina','09633650874','null','17'),(464,'Sivadasan Aloo','9947183829','null','17'),(465,'Anitha','+918547916365','null','17'),(466,'uthara','9400530948','null','17'),(467,'Nimi','9947653448','null','17'),(468,'surayach','+919895070199','null','17'),(469,'Divya','9446489673','null','17'),(470,'Nidiya','+918129719968','null','17'),(471,'Deepthy','+918891182027','null','17'),(472,'Sowmu','+919400040477','null','17'),(473,'Bonu..','+919809798790','null','17'),(474,'Dhanya','9947895483','null','17'),(475,'Jith','+919544995999','null','17'),(476,'Jisha','+918129459032','null','17'),(477,'Riya','9746723292','null','17'),(478,'Nancy','9387679828','null','17'),(479,'Vinu Home','04885281789','null','17'),(480,'Lisiyaz','9172423610','null','17'),(481,'Swathy','09567706589','null','17'),(482,'Hemdas','+919497836391','null','17'),(483,'nithu','9886609431','null','17'),(484,'Twilit','9895982132','null','17'),(485,'sreejith os','09986872236','null','17'),(486,'twinkle','9633766991','null','17'),(487,'Bijith','+919567848446','null','17'),(488,'Jyothisha','9747942269','null','17'),(489,'Favu','+918891201135','null','17'),(490,'vidhya_poly','9400739665','null','17'),(491,'Dhanesh','9567701711','null','17'),(492,'Achan','+914872939688','null','17'),(493,'Nidhn','9961753625','null','17'),(494,'Bijith_kgr','+919061395269','null','17'),(495,'siny_thayal','04885227483','null','17'),(496,'Rejil','+919496350842','null','17'),(497,'Haris','+919746100106','null','17'),(498,'Kidangur','04822256056','null','17'),(499,'Sowmya','08129214517','null','17'),(500,'Neethu_hme','04872401240','null','17'),(501,'Akku','8086596062','null','17'),(502,'Suresh Sir','9947324188','null','17'),(503,'Sajitha Cheche','9605576419','null','17'),(504,'Kgr_Rathesh','+919496350855','null','17'),(505,'Kgr_Gayathri','09895237014','null','17'),(506,'Anjali R','9495561215','null','17'),(507,'Usha','9605333905','null','17'),(508,'Raiza','9746195270','null','17'),(509,'Chantu','9947114991','null','17'),(510,'Kgr_Prajith','9656578011','null','17'),(511,'Shantha Cheche','9249308990','null','17'),(512,'Kgr Praji.','8089759534','null','17'),(513,'Sajitha','09961610228','null','17'),(514,'Sre..panikar','9447669805','null','17'),(515,'Guddi','09746802063','null','17'),(516,'Kgr aisha','+918891784686','null','17'),(517,'Nimikutan','+919562877847','null','17'),(518,'Veena','8547816003','null','17'),(519,'Liji','9497627664','null','17'),(520,'Nithu_kerala','+918943489393','null','17'),(521,'Lis_kerala','+917293305455','null','17'),(522,'Komel','+919446832569','null','17'),(523,'Radhika','+919400124958','null','17'),(524,'Rabitha','9400725134','null','17'),(525,'Kgr Sruthy','+919645541242','null','17'),(526,'Jithu','+919567938252','null','17'),(527,'Kgr Vishnu','+919496577443','null','17'),(528,'Punjar_neethu','9526478893','null','17'),(529,'Sajeev_wif','09847418956','null','17'),(530,'Aswa_shangu','09447708467','null','17'),(531,'Aisha sai','+918891674609','null','17'),(532,'Sree','+919633458850','null','17'),(533,'Meenu..','+919400757012','null','17'),(534,'Vim_hom','04885203006','null','17'),(535,'RENJITH','9633698440','null','17'),(536,'Nayan','+919061312684','null','17'),(537,'karthika','9656454339','null','17'),(538,'Novo','9544600192','null','17'),(539,'nayanu','9605958156','null','17'),(540,'vineesha','+919249126227','null','17'),(541,'arun','9995324319','null','17'),(542,'Neethu1','+917736220459','null','17'),(543,'abi','09633140859','null','17'),(544,'Anju Papa','09746721288','null','17'),(545,'Kgr_diana','9495184188','null','17'),(546,'Kgr.athira','04822255292','null','17'),(547,'Kgr _anjaly','04822255194','null','17'),(548,'Sajith','+919995986181','null','17'),(549,'Renju1','+919539640403','null','17'),(550,'Riya_kgr','09447100757','null','17'),(551,'Nayanus','+917403307392','null','17'),(552,'Kgr_sarath','09746946549','null','17'),(553,'Kgr1nidhila','+919645540294','null','17'),(554,'Kgr1tinju','9567848246','null','17'),(555,'Kgr1sreekala','9633882811','null','17'),(556,'surya..k','9496350056','null','17'),(557,'Kgr1divya','+919497663998','null','17'),(558,'juju','09605854417','null','17'),(559,'SBI','04885222656','null','17'),(560,'Midhun','8893923297','null','17'),(561,'Hemadas','09633653121','null','17'),(562,'Sowmini','9388093999','null','17'),(563,'Diana','+919497819504','null','17'),(564,'Kgr1jasmine','9895987378','null','17'),(565,'athira poly','9567160470','null','17'),(566,'surya','9020271870','null','17'),(567,'Kgr1devi','9961234056','null','17'),(568,'Krishnendu','+919400387425','null','17'),(569,'Renju','+919048230615','null','17'),(570,'Ammu','9846185878','null','17'),(571,'Arun Chetan','+918907138139','null','17'),(572,'Sunil.poly','9746257319','null','17'),(573,'Janumaman','9645035615','null','17'),(574,'Golden','9847228114','null','17'),(575,'Golden Poly','9142203861','null','17'),(576,'Kgr_jayesh','+919746582524','null','17'),(577,'Krish_indu','+919745389399','null','17'),(578,'Vetdoct','9447466301','null','17'),(579,'Pradiba.hm','04884262671','null','17'),(580,'Kgr_Gaya3 ','9447786661','null','17'),(581,'Anjana','9495752535','null','17'),(582,'Appaman','09288801732','null','17'),(583,'vinu','9446591789','null','17'),(584,'Neethu','9645145330','null','17'),(585,'kanan','09961540166','null','17'),(586,'Tintu','9995432044','null','17'),(587,'thasna..nw','9946276674','null','17'),(588,'ATHIRA GMBHS','09037814958','null','17'),(589,'SUMI','+b919946649765','null','17'),(590,'jabi','7411578415','null','17'),(591,'as-shangu','08095790733','null','17'),(592,'sujithra','9400621442','null','17'),(593,'bonitha','9656172827','null','17'),(594,'greeshma','8907014294','null','17'),(595,'gghjj','9895666707','null','18'),(596,'nithim','5632','5696','18'),(597,'akhil','.8623','853 ','18'),(598,'aaa','123','null','18'),(599,'Cek Aisu 2','+919447602256','null','18'),(600,'Neethi','9495371031','null','18'),(601,'Manju,!','9497322460','null','18'),(602,'Manju2','+919447303771','null','18'),(603,'Mercy','9446095481','null','18'),(604,'MOhan','9447205444','null','18'),(605,'Mannalil','+919847191809','null','18'),(606,'Mattakkara','+919446056700','null','18'),(607,'Nidila2','+919446476898','null','18'),(608,'Padmakshj','9495895204','null','18'),(609,'Nanthiyatt U','04812543721','null','18'),(610,'NIDHILA','9645540294','null','18'),(611,'Philip','9349883143','null','18'),(612,'Gayu,st.ans','+919446771207','null','18'),(613,'Gas','04812505415','null','18'),(614,'É.Anil','9497087253','null','18'),(615,'Duarie.','09946716185','null','18'),(616,'Jayamol','9496722894','null','18'),(617,'Jalajchitta','04822253097','null','18'),(618,'Hari','9048890536','null','18'),(619,'Geetha(LIC)','9447137976','null','18'),(620,'Komel.mob1','+919539987956','null','18'),(621,'Komel.mob','+919539987956','null','18'),(622,'Kalaj','+914829276161','null','18'),(623,'Josesir','9446043552','null','18'),(624,'Leena.','9349091868','null','18'),(625,'Leela,Anicadu','9656141251','null','18'),(626,'Lathikasupdt','9447491696','null','18'),(627,'Lakshmi','+918129491514','null','18'),(628,'Cricket','55274','null','18'),(629,'SMS packs','50053','null','18'),(630,'GPRS packs','50015','null','18'),(631,'Song Of Day','500515','null','18'),(632,'Customercare1','9400024365','null','18'),(633,'Dayana.cek','+919495184188','null','18'),(634,'Arathy.','9400230420','null','18'),(635,'Nein,cek','9995255979','null','18'),(636,'Sreechechi','9744644331','null','18'),(637,'Sreeja,armr','+918606819903','null','18'),(638,'Bajithj','9495417930','null','18'),(639,'Aiswarya','+919446924503','null','18'),(640,'Divya,CEK','9497663998','null','18'),(641,'Recharge Offer','5002','null','18'),(642,'Juan,cek','+919746871947','null','18'),(643,'Kunjita','9447764148','null','18'),(644,'Dialer Tone','554560188','null','18'),(645,'CustomerCare','458','null','18'),(646,'Cek-Ajeesh','9447489681','null','18'),(647,'gghjj','9895666707','null','20'),(648,'nithim','5632','5696','20'),(649,'akhil','.8623','853 ','20'),(650,'aaa','123','null','20'),(651,'Cek Aisu 2','+919447602256','null','20'),(652,'Neethi','9495371031','null','20'),(653,'Manju,!','9497322460','null','20'),(654,'Manju2','+919447303771','null','20'),(655,'Mercy','9446095481','null','20'),(656,'MOhan','9447205444','null','20'),(657,'Mannalil','+919847191809','null','20'),(658,'Mattakkara','+919446056700','null','20'),(659,'Nidila2','+919446476898','null','20'),(660,'Padmakshj','9495895204','null','20'),(661,'Nanthiyatt U','04812543721','null','20'),(662,'NIDHILA','9645540294','null','20'),(663,'Philip','9349883143','null','20'),(664,'Gayu,st.ans','+919446771207','null','20'),(665,'Gas','04812505415','null','20'),(666,'É.Anil','9497087253','null','20'),(667,'Duarie.','09946716185','null','20'),(668,'Jayamol','9496722894','null','20'),(669,'Jalajchitta','04822253097','null','20'),(670,'Hari','9048890536','null','20'),(671,'Geetha(LIC)','9447137976','null','20'),(672,'Komel.mob1','+919539987956','null','20'),(673,'Komel.mob','+919539987956','null','20'),(674,'Kalaj','+914829276161','null','20'),(675,'Josesir','9446043552','null','20'),(676,'Leena.','9349091868','null','20'),(677,'Leela,Anicadu','9656141251','null','20'),(678,'Lathikasupdt','9447491696','null','20'),(679,'Lakshmi','+918129491514','null','20'),(680,'Cricket','55274','null','20'),(681,'SMS packs','50053','null','20'),(682,'GPRS packs','50015','null','20'),(683,'Song Of Day','500515','null','20'),(684,'Customercare1','9400024365','null','20'),(685,'Dayana.cek','+919495184188','null','20'),(686,'Arathy.','9400230420','null','20'),(687,'Nein,cek','9995255979','null','20'),(688,'Sreechechi','9744644331','null','20'),(689,'Sreeja,armr','+918606819903','null','20'),(690,'Bajithj','9495417930','null','20'),(691,'Aiswarya','+919446924503','null','20'),(692,'Divya,CEK','9497663998','null','20'),(693,'Recharge Offer','5002','null','20'),(694,'Juan,cek','+919746871947','null','20'),(695,'Kunjita','9447764148','null','20'),(696,'Dialer Tone','554560188','null','20'),(697,'CustomerCare','458','null','20'),(698,'Cek-Ajeesh','9447489681','null','20');
/*!40000 ALTER TABLE `contacts` ENABLE KEYS */;
UNLOCK TABLES;

--
-- Table structure for table `file_log`
--

DROP TABLE IF EXISTS `file_log`;
/*!40101 SET @saved_cs_client     = @@character_set_client */;
/*!40101 SET character_set_client = utf8 */;
CREATE TABLE `file_log` (
  `file_id` int(11) NOT NULL AUTO_INCREMENT,
  `file_name` varchar(200) DEFAULT NULL,
  `login_id` varchar(200) DEFAULT NULL,
  PRIMARY KEY (`file_id`)
) ENGINE=InnoDB AUTO_INCREMENT=55 DEFAULT CHARSET=latin1;
/*!40101 SET character_set_client = @saved_cs_client */;

--
-- Dumping data for table `file_log`
--

LOCK TABLES `file_log` WRITE;
/*!40000 ALTER TABLE `file_log` DISABLE KEYS */;
INSERT INTO `file_log` VALUES (1,'0.jpg','11'),(2,'1.jpg','11'),(3,'2.jpg','11'),(4,'3.jpg','11'),(5,'4.jpg','11'),(6,'5.jpg','11'),(7,'6.jpg','11'),(8,'7.jpg','12'),(9,'8.jpg','12'),(10,'9.jpg','12'),(11,'10.jpg','12'),(12,'11.jpg','12'),(13,'12.jpg','12'),(14,'13.jpg','12'),(15,'14.jpg','12'),(16,'15.jpg','12'),(17,'16.jpg','12'),(18,'17.jpg','12'),(19,'18.jpg','12'),(20,'19.jpg','13'),(21,'20.jpg','13'),(22,'21.jpg','13'),(23,'22.jpg','13'),(24,'23.jpg','13'),(25,'24.jpg','13'),(26,'25.jpg','13'),(27,'26.jpg','13'),(28,'27.jpg','13'),(29,'28.jpg','13'),(30,'29.jpg','13'),(31,'30.jpg','13'),(32,'31.jpg','13'),(33,'32.jpg','13'),(34,'33.jpg','13'),(35,'34.jpg','13'),(36,'35.jpg','13'),(37,'36.jpg','16'),(38,'37.jpg','16'),(39,'38.jpg','16'),(40,'39.jpg','16'),(41,'40.jpg','16'),(42,'41.jpg','16'),(43,'42.jpg','16'),(44,'43.jpg','16'),(45,'44.jpg','17'),(46,'45.jpg','17'),(47,'46.jpg','17'),(48,'47.jpg','17'),(49,'48.jpg','17'),(50,'49.jpg','17'),(51,'50.jpg','17'),(52,'51.jpg','17'),(53,'52.jpg','17'),(54,'53.jpg','17');
/*!40000 ALTER TABLE `file_log` ENABLE KEYS */;
UNLOCK TABLES;

--
-- Table structure for table `gps_location`
--

DROP TABLE IF EXISTS `gps_location`;
/*!40101 SET @saved_cs_client     = @@character_set_client */;
/*!40101 SET character_set_client = utf8 */;
CREATE TABLE `gps_location` (
  `location_id` int(11) NOT NULL AUTO_INCREMENT,
  `location` varchar(150) DEFAULT NULL,
  `latitude` varchar(150) DEFAULT NULL,
  `longitude` varchar(150) DEFAULT NULL,
  `date_at_location` date DEFAULT NULL,
  `time_at_location` time DEFAULT NULL,
  `login_id` varchar(20) DEFAULT NULL,
  PRIMARY KEY (`location_id`)
) ENGINE=InnoDB AUTO_INCREMENT=219 DEFAULT CHARSET=latin1;
/*!40101 SET character_set_client = @saved_cs_client */;

--
-- Dumping data for table `gps_location`
--

LOCK TABLES `gps_location` WRITE;
/*!40000 ALTER TABLE `gps_location` DISABLE KEYS */;
INSERT INTO `gps_location` VALUES (1,'tvm','19.69221','56.595','2012-12-12','10:05:01','1'),(2,'ktm','9.5800','76.52','2012-12-12','10:08:01','1'),(3,'thr','10.52','76.21','2012-12-12','10:10:10','1'),(4,'kgr','9.69221','76.595','2012-12-12','10:11:00','1'),(5,'Tchr','20.94','55.65','2012-12-12','10:15:00','1'),(6,'Tchr','10.94','85.65','2012-12-12','11:15:00','1'),(7,'Address:\n','2.0','1.0','2013-01-05','15:12:05','2'),(8,'Address:\n','2.0','2.0','2013-01-05','15:12:09','2'),(9,'Address:\n','2.0','5.0','2013-01-05','15:12:48','2'),(10,'Address:\nAddress not available','76.94862333333334','8.487495','2013-01-05','15:27:26','2'),(11,'Address:\nAddress not availableAddress not available','254.0','654.0','2013-01-05','15:27:59','2'),(12,'Address:\nAddress not availableAddress not availableAddress not available','4566.0','65498.0','2013-01-05','15:29:11','2'),(13,'Address:\nAddress not available','4566.0','65498.0','2013-01-05','15:36:56','2'),(14,'Address:\nAddress not available','147.0','324.0','2013-01-05','15:37:33','2'),(15,'Address:\nAddress not availableAddress not available','47.0','78.0','2013-01-05','15:39:43','2'),(16,'KTM','9.59872','76.5288','2012-12-12','11:30:00','1'),(17,'ekm','9.983','76.57','2012-12-12','11:30:00','1'),(18,'Address:\nKalippankulam Rd, Manacaud\nThiruvananthapuram, Kerala\n','76.9578306','8.4595903','2013-01-06','09:55:56','6'),(19,'Address:\nKalippankulam Rd, Manacaud\nThiruvananthapuram, Kerala\nLukes Ln, Statue, Vanchiyoor\nThiruvananthapuram, Kerala 695001\n','76.9481162','8.4937376','2013-01-06','09:55:57','6'),(20,'Address:\nLukes Ln, Statue, Vanchiyoor\nThiruvananthapuram, Kerala 695001\n','76.9481162','8.4937376','2013-01-06','09:58:06','6'),(21,'Address:\nLukes Ln, Statue, Vanchiyoor\nThiruvananthapuram, Kerala 695001\nGandhi Bhavan Rd, Thycaud\nThiruvananthapuram, Kerala\n','76.95591968556924','8.491490477058257','2013-01-06','09:58:06','6'),(22,'Address:\nKalippankulam Rd, Manacaud\nThiruvananthapuram, Kerala\n','76.9578306','8.4595903','2013-01-06','09:58:42','6'),(23,'Address:\nKalippankulam Rd, Manacaud\nThiruvananthapuram, Kerala\nGandhi Bhavan Rd, Thycaud\nThiruvananthapuram, Kerala\n','76.95593163561162','8.491458154237597','2013-01-06','09:58:43','6'),(24,'Address:\nKalippankulam Rd, Manacaud\nThiruvananthapuram, Kerala\n','76.9578306','8.4595903','2013-01-06','10:00:18','7'),(25,'Address:\nKalippankulam Rd, Manacaud\nThiruvananthapuram, Kerala\nLukes Ln, Statue, Vanchiyoor\nThiruvananthapuram, Kerala 695001\n','76.9481162','8.4937376','2013-01-06','10:00:19','7'),(26,'Address:\nKalippankulam Rd, Manacaud\nThiruvananthapuram, Kerala\n','76.9578306','8.4595903','2013-01-06','10:02:18','8'),(27,'Address:\nKalippankulam Rd, Manacaud\nThiruvananthapuram, Kerala\nLukes Ln, Statue, Vanchiyoor\nThiruvananthapuram, Kerala 695001\n','76.9481162','8.4937376','2013-01-06','10:02:20','8'),(28,'Address:\nKalippankulam Rd, Manacaud\nThiruvananthapuram, Kerala\n','76.9578306','8.4595903','2013-01-06','10:04:59','9'),(29,'Address:\nKalippankulam Rd, Manacaud\nThiruvananthapuram, Kerala\nLukes Ln, Statue, Vanchiyoor\nThiruvananthapuram, Kerala 695001\n','76.9481162','8.4937376','2013-01-06','10:05:00','9'),(30,'Address:\nKalippankulam Rd, Manacaud\nThiruvananthapuram, Kerala\n','76.9578306','8.4595903','2013-01-06','10:07:21','10'),(31,'Address:\nKalippankulam Rd, Manacaud\nThiruvananthapuram, Kerala\nLukes Ln, Statue, Vanchiyoor\nThiruvananthapuram, Kerala 695001\n','76.9481162','8.4937376','2013-01-06','10:07:24','10'),(32,'Address:\nGandhi Bhavan Rd, Thycaud\nThiruvananthapuram, Kerala\n','76.95588062952707','8.49149419933367','2013-01-06','10:10:41','10'),(33,'Address:\nGandhi Bhavan Rd, Thycaud\nThiruvananthapuram, Kerala\nLukes Ln, Statue, Vanchiyoor\nThiruvananthapuram, Kerala 695001\n','76.9481162','8.4937376','2013-01-06','10:10:42','10'),(34,'Address:\nKalippankulam Rd, Manacaud\nThiruvananthapuram, Kerala\n','76.9578306','8.4595903','2013-01-06','10:15:34','11'),(35,'Address:\nKalippankulam Rd, Manacaud\nThiruvananthapuram, Kerala\nLukes Ln, Statue, Vanchiyoor\nThiruvananthapuram, Kerala 695001\n','76.9481162','8.4937376','2013-01-06','10:15:36','11'),(36,'Address:\nKalippankulam Rd, Manacaud\nThiruvananthapuram, Kerala\n','76.9578306','8.4595903','2013-01-06','10:24:00','11'),(37,'Address:\nKalippankulam Rd, Manacaud\nThiruvananthapuram, Kerala\nGandhi Bhavan Rd, Thycaud\nThiruvananthapuram, Kerala\n','76.95593040507231','8.491436146427091','2013-01-06','10:24:01','11'),(38,'Address:\nLukes Ln, Statue, Vanchiyoor\nThiruvananthapuram, Kerala 695001\n','76.9481162','8.4937376','2013-01-06','10:24:20','11'),(39,'Address:\nLukes Ln, Statue, Vanchiyoor\nThiruvananthapuram, Kerala 695001\nGandhi Bhavan Rd, Thycaud\nThiruvananthapuram, Kerala\n','76.95593995724099','8.49143581832018','2013-01-06','10:24:21','11'),(40,'Address:\nKalippankulam Rd, Manacaud\nThiruvananthapuram, Kerala\n','76.9578306','8.4595903','2013-01-06','10:35:20','11'),(41,'Address:\nKalippankulam Rd, Manacaud\nThiruvananthapuram, Kerala\nLukes Ln, Statue, Vanchiyoor\nThiruvananthapuram, Kerala 695001\n','76.9481162','8.4937376','2013-01-06','10:35:21','11'),(42,'Address:\nKalippankulam Rd, Manacaud\nThiruvananthapuram, Kerala\n','76.9578306','8.4595903','2013-01-06','13:05:42','11'),(43,'Address:\nKalippankulam Rd, Manacaud\nThiruvananthapuram, Kerala\nLukes Ln, Statue, Vanchiyoor\nThiruvananthapuram, Kerala 695001\n','76.9481162','8.4937376','2013-01-06','13:05:45','11'),(44,'Address:\nKalippankulam Rd, Manacaud\nThiruvananthapuram, Kerala\n','76.9578306','8.4595903','2013-01-06','13:09:22','11'),(45,'Address:\nKalippankulam Rd, Manacaud\nThiruvananthapuram, Kerala\nGandhi Bhavan Rd, Thycaud\nThiruvananthapuram, Kerala\n','76.95591439038282','8.49147176206074','2013-01-06','13:09:23','11'),(46,'Address:\nAddress not availableLukes Ln, Statue, Vanchiyoor\nThiruvananthapuram, Kerala 695001\n','76.9481162','8.4937376','2013-01-06','13:18:43','11'),(47,'Address:\nAddress not availableLukes Ln, Statue, Vanchiyoor\nThiruvananthapuram, Kerala 695001\nGandhi Bhavan Rd, Thycaud\nThiruvananthapuram, Kerala\n','76.95583563530504','8.491428439473687','2013-01-06','13:18:45','11'),(48,'Address:\nKalippankulam Rd, Manacaud\nThiruvananthapuram, Kerala\nGandhi Bhavan Rd, Thycaud\nThiruvananthapuram, Kerala\n','76.95585371413813','8.491470065310475','2013-01-06','13:35:29','11'),(49,'Address:\nKalippankulam Rd, Manacaud\nThiruvananthapuram, Kerala\n','76.9578306','8.4595903','2013-01-06','15:00:07','11'),(50,'Address:\nKalippankulam Rd, Manacaud\nThiruvananthapuram, Kerala\nLukes Ln, Statue, Vanchiyoor\nThiruvananthapuram, Kerala 695001\n','76.9481162','8.4937376','2013-01-06','15:00:11','11'),(51,'Address:\nAddress not available','76.9578306','8.4595903','2013-01-06','15:03:32','11'),(52,'Address:\nAddress not availableLukes Ln, Statue, Vanchiyoor\nThiruvananthapuram, Kerala 695001\n','76.9481162','8.4937376','2013-01-06','15:03:34','11'),(53,'Address:\nAddress not availableLukes Ln, Statue, Vanchiyoor\nThiruvananthapuram, Kerala 695001\nGandhi Bhavan Rd, Thycaud\nThiruvananthapuram, Kerala\n','76.95592344546625','8.491441643047828','2013-01-06','15:03:38','11'),(54,'Address:\nKalippankulam Rd, Manacaud\nThiruvananthapuram, Kerala\n','76.9578306','8.4595903','2013-01-06','15:12:30','11'),(55,'Address:\nKalippankulam Rd, Manacaud\nThiruvananthapuram, Kerala\nGandhi Bhavan Rd, Thycaud\nThiruvananthapuram, Kerala\n','76.9559340582544','8.491499502837861','2013-01-06','15:12:31','11'),(56,'Address:\nTrivandrum Bakery Palayam Rd, Thycaud\nThiruvananthapuram, Kerala\n','76.9538361','8.4905035','2013-01-06','16:43:25','12'),(57,'Address:\nTrivandrum Bakery Palayam Rd, Thycaud\nThiruvananthapuram, Kerala\nLukes Ln, Statue, Vanchiyoor\nThiruvananthapuram, Kerala 695001\n','76.9481162','8.4937376','2013-01-06','16:43:26','12'),(58,'Address:\nTrivandrum Bakery Palayam Rd, Thycaud\nThiruvananthapuram, Kerala\n','76.9538361','8.4905035','2013-01-06','16:46:51','12'),(59,'Address:\nTrivandrum Bakery Palayam Rd, Thycaud\nThiruvananthapuram, Kerala\nLukes Ln, Statue, Vanchiyoor\nThiruvananthapuram, Kerala 695001\n','76.9481162','8.4937376','2013-01-06','16:46:52','12'),(60,'Address:\nAddress not available','76.9538361','8.4905035','2013-01-06','16:47:36','12'),(61,'Address:\nAddress not availableLukes Ln, Statue, Vanchiyoor\nThiruvananthapuram, Kerala 695001\n','76.9481162','8.4937376','2013-01-06','16:47:40','12'),(62,'Address:\nAddress not availableLukes Ln, Statue, Vanchiyoor\nThiruvananthapuram, Kerala 695001\nGandhi Bhavan Rd, Thycaud\nThiruvananthapuram, Kerala\n','76.95607935853619','8.49141497328244','2013-01-06','16:48:03','12'),(63,'Address:\nTrivandrum Bakery Palayam Rd, Thycaud\nThiruvananthapuram, Kerala\n','76.9538361','8.4905035','2013-01-06','17:15:10','13'),(64,'Address:\nTrivandrum Bakery Palayam Rd, Thycaud\nThiruvananthapuram, Kerala\nLukes Ln, Statue, Vanchiyoor\nThiruvananthapuram, Kerala 695001\n','76.9481162','8.4937376','2013-01-06','17:15:11','13'),(65,'Address:\nAddress not availableAddress not availableGandhi Bhavan Rd, Thycaud\nThiruvananthapuram, Kerala\n','76.9558334804591','8.491482824679009','2013-01-06','17:22:30','13'),(66,'Address:\nAddress not available','76.9559659727137','8.491552723841357','2013-01-06','17:28:15','13'),(67,'Address:\nLukes Ln, Statue, Vanchiyoor\nThiruvananthapuram, Kerala 695001\n','76.9481162','8.4937376','2013-01-06','17:28:32','13'),(68,'Address:\nTrivandrum Bakery Palayam Rd, Thycaud\nThiruvananthapuram, Kerala\n','76.9538361','8.4905035','2013-01-06','17:29:53','13'),(69,'Address:\nTrivandrum Bakery Palayam Rd, Thycaud\nThiruvananthapuram, Kerala\nLukes Ln, Statue, Vanchiyoor\nThiruvananthapuram, Kerala 695001\n','76.9481162','8.4937376','2013-01-06','17:30:33','13'),(70,'Address:\nThampanoor\nThiruvananthapuram, Kerala\n','76.9526183','8.4876005','2013-01-06','17:31:59','13'),(71,'Address:\nThampanoor\nThiruvananthapuram, Kerala\nLukes Ln, Statue, Vanchiyoor\nThiruvananthapuram, Kerala 695001\n','76.9481162','8.4937376','2013-01-06','17:32:12','13'),(72,'Address:\nTrivandrum Bakery Palayam Rd, Thycaud\nThiruvananthapuram, Kerala\n','76.9538361','8.4905035','2013-01-06','17:33:01','13'),(73,'Address:\nTrivandrum Bakery Palayam Rd, Thycaud\nThiruvananthapuram, Kerala\nGandhi Bhavan Rd, Thycaud\nThiruvananthapuram, Kerala\n','76.95600608547676','8.491501293873272','2013-01-06','17:33:03','13'),(74,'Address:\nTrivandrum Bakery Palayam Rd, Thycaud\nThiruvananthapuram, Kerala\n','76.9538361','8.4905035','2013-01-06','17:33:34','13'),(75,'Address:\nTrivandrum Bakery Palayam Rd, Thycaud\nThiruvananthapuram, Kerala\nGandhi Bhavan Rd, Thycaud\nThiruvananthapuram, Kerala\n','76.95594949424634','8.491472232254091','2013-01-06','17:33:37','13'),(76,'Address:\nTrivandrum Bakery Palayam Rd, Thycaud\nThiruvananthapuram, Kerala\n','76.9538361','8.4905035','2013-01-06','17:37:08','13'),(77,'Address:\nTrivandrum Bakery Palayam Rd, Thycaud\nThiruvananthapuram, Kerala\nLukes Ln, Statue, Vanchiyoor\nThiruvananthapuram, Kerala 695001\n','76.9481162','8.4937376','2013-01-06','17:37:09','13'),(78,'null','null','null','2013-01-25','20:19:10','null'),(79,'Address:\nGandhi Bhavan Rd, Thycaud\nThiruvananthapuram, Kerala\n','76.9558132','8.4908818','2013-01-25','23:58:24','14'),(80,'Address:\nGandhi Bhavan Rd, Thycaud\nThiruvananthapuram, Kerala\n','76.9558132','8.4908818','2013-01-25','23:58:27','14'),(81,'Address:\nGandhi Bhavan Rd, Thycaud\nThiruvananthapuram, Kerala\n','76.9558132','8.4908818','2013-01-26','00:18:38','14'),(82,'Address:\nGandhi Bhavan Rd, Thycaud\nThiruvananthapuram, Kerala\n','76.9558132','8.4908818','2013-01-26','00:18:45','14'),(83,'Address:\nGandhi Bhavan Rd, Thycaud\nThiruvananthapuram, Kerala\n','76.9558132','8.4908818','2013-01-26','20:01:35','15'),(84,'Address:\nGandhi Bhavan Rd, Thycaud\nThiruvananthapuram, Kerala\n','76.9558132','8.4908818','2013-01-26','20:52:29','15'),(85,'Address:\nGandhi Bhavan Rd, Thycaud\nThiruvananthapuram, Kerala\n','76.9558132','8.4908818','2013-01-26','20:58:07','15'),(86,'Address:\n127/353[3], Trivandrum Bakery Palayam Rd, Thycaud\nThiruvananthapuram, Kerala\n','76.9538494','8.4905082','2013-01-26','20:58:40','15'),(87,'Address:\n127/353[3], Trivandrum Bakery Palayam Rd, Thycaud\nThiruvananthapuram, Kerala\nGandhi Bhavan Rd, Thycaud\nThiruvananthapuram, Kerala\n','76.9558132','8.4908818','2013-01-26','20:58:41','15'),(88,'Address:\nKanyakumari-Panvel Rd, Thampanoor\nThiruvananthapuram, Kerala\n','76.9526182','8.4875931','2013-01-26','21:15:45','15'),(89,'Address:\nKanyakumari-Panvel Rd, Thampanoor\nThiruvananthapuram, Kerala\nGandhi Bhavan Rd, Thycaud\nThiruvananthapuram, Kerala\n','76.9558132','8.4908818','2013-01-26','21:15:46','15'),(90,'Address:\n127/353[3], Trivandrum Bakery Palayam Rd, Thycaud\nThiruvananthapuram, Kerala\n','76.9538494','8.4905082','2013-01-26','21:17:55','15'),(91,'Address:\n127/353[3], Trivandrum Bakery Palayam Rd, Thycaud\nThiruvananthapuram, Kerala\nGandhi Bhavan Rd, Thycaud\nThiruvananthapuram, Kerala\n','76.9558132','8.4908818','2013-01-26','21:17:56','15'),(92,'Address:\nKanyakumari-Panvel Rd, Thampanoor\nThiruvananthapuram, Kerala\n','76.9490181','8.4878605','2013-01-26','21:19:24','15'),(93,'Address:\nKanyakumari-Panvel Rd, Thampanoor\nThiruvananthapuram, Kerala\nGandhi Bhavan Rd, Thycaud\nThiruvananthapuram, Kerala\n','76.9558132','8.4908818','2013-01-26','21:19:25','15'),(94,'Address:\nKanyakumari-Panvel Rd, Thampanoor\nThiruvananthapuram, Kerala\n','76.9490181','8.4878605','2013-01-26','21:20:55','15'),(95,'Address:\nKanyakumari-Panvel Rd, Thampanoor\nThiruvananthapuram, Kerala\nGandhi Bhavan Rd, Thycaud\nThiruvananthapuram, Kerala\n','76.9558132','8.4908818','2013-01-26','21:20:56','15'),(96,'Address:\n127/353[3], Trivandrum Bakery Palayam Rd, Thycaud\nThiruvananthapuram, Kerala\n','76.9538494','8.4905082','2013-01-26','21:27:23','15'),(97,'Address:\n127/353[3], Trivandrum Bakery Palayam Rd, Thycaud\nThiruvananthapuram, Kerala\nGandhi Bhavan Rd, Thycaud\nThiruvananthapuram, Kerala\n','76.9558132','8.4908818','2013-01-26','21:27:24','15'),(98,'Address:\n127/353[3], Trivandrum Bakery Palayam Rd, Thycaud\nThiruvananthapuram, Kerala\n','76.9538494','8.4905082','2013-01-26','21:27:55','15'),(99,'Address:\n127/353[3], Trivandrum Bakery Palayam Rd, Thycaud\nThiruvananthapuram, Kerala\nGandhi Bhavan Rd, Thycaud\nThiruvananthapuram, Kerala\n','76.9558132','8.4908818','2013-01-26','21:27:57','15'),(100,'Address:\nAddress not available','76.9538494','8.4905082','2013-01-26','21:29:40','15'),(101,'Address:\nAddress not availableGandhi Bhavan Rd, Thycaud\nThiruvananthapuram, Kerala\n','76.9558132','8.4908818','2013-01-26','21:29:41','15'),(102,'Address:\nGandhi Bhavan Rd, Thycaud\nThiruvananthapuram, Kerala\n','76.9558132','8.4908818','2013-01-26','21:30:19','15'),(103,'Address:\n127/353[3], Trivandrum Bakery Palayam Rd, Thycaud\nThiruvananthapuram, Kerala\n','76.9538494','8.4905082','2013-01-26','21:31:16','15'),(104,'Address:\n127/353[3], Trivandrum Bakery Palayam Rd, Thycaud\nThiruvananthapuram, Kerala\nGandhi Bhavan Rd, Thycaud\nThiruvananthapuram, Kerala\n','76.9558132','8.4908818','2013-01-26','21:31:18','15'),(105,'Address:\n127/353[3], Trivandrum Bakery Palayam Rd, Thycaud\nThiruvananthapuram, Kerala\n','76.9538494','8.4905082','2013-01-26','21:32:33','15'),(106,'Address:\n127/353[3], Trivandrum Bakery Palayam Rd, Thycaud\nThiruvananthapuram, Kerala\nGandhi Bhavan Rd, Thycaud\nThiruvananthapuram, Kerala\n','76.9558132','8.4908818','2013-01-26','21:32:35','15'),(107,'Address:\n127/353[3], Trivandrum Bakery Palayam Rd, Thycaud\nThiruvananthapuram, Kerala\n','76.9538494','8.4905082','2013-01-26','21:35:06','15'),(108,'Address:\n127/353[3], Trivandrum Bakery Palayam Rd, Thycaud\nThiruvananthapuram, Kerala\nGandhi Bhavan Rd, Thycaud\nThiruvananthapuram, Kerala\n','76.9558132','8.4908818','2013-01-26','21:35:06','15'),(109,'Address:\nAddress not available','76.9538494','8.4905082','2013-01-26','21:37:48','15'),(110,'Address:\nAddress not availableGandhi Bhavan Rd, Thycaud\nThiruvananthapuram, Kerala\n','76.9558132','8.4908818','2013-01-26','21:37:50','15'),(111,'Address:\n127/353[3], Trivandrum Bakery Palayam Rd, Thycaud\nThiruvananthapuram, Kerala\n','76.9538494','8.4905082','2013-01-26','21:38:47','15'),(112,'Address:\n127/353[3], Trivandrum Bakery Palayam Rd, Thycaud\nThiruvananthapuram, Kerala\nGandhi Bhavan Rd, Thycaud\nThiruvananthapuram, Kerala\n','76.9558132','8.4908818','2013-01-26','21:38:48','15'),(113,'Address:\n127/353[3], Trivandrum Bakery Palayam Rd, Thycaud\nThiruvananthapuram, Kerala\n','76.9538494','8.4905082','2013-01-26','21:41:34','15'),(114,'Address:\n127/353[3], Trivandrum Bakery Palayam Rd, Thycaud\nThiruvananthapuram, Kerala\nGandhi Bhavan Rd, Thycaud\nThiruvananthapuram, Kerala\n','76.9558132','8.4908818','2013-01-26','21:41:35','15'),(115,'Address:\nKanyakumari-Panvel Rd, Thampanoor\nThiruvananthapuram, Kerala\n','76.9526182','8.4875931','2013-01-26','21:48:01','15'),(116,'Address:\nKanyakumari-Panvel Rd, Thampanoor\nThiruvananthapuram, Kerala\nGandhi Bhavan Rd, Thycaud\nThiruvananthapuram, Kerala\n','76.9558132','8.4908818','2013-01-26','21:48:02','15'),(117,'Address:\nGandhi Bhavan Rd, Thycaud\nThiruvananthapuram, Kerala\n','76.9558132','8.4908818','2013-01-26','21:50:58','15'),(118,'Address:\n127/353[3], Trivandrum Bakery Palayam Rd, Thycaud\nThiruvananthapuram, Kerala\n','76.9538494','8.4905082','2013-01-26','21:57:58','15'),(119,'Address:\n127/353[3], Trivandrum Bakery Palayam Rd, Thycaud\nThiruvananthapuram, Kerala\nGandhi Bhavan Rd, Thycaud\nThiruvananthapuram, Kerala\n','76.9558132','8.4908818','2013-01-26','21:57:59','15'),(120,'Address:\n127/353[3], Trivandrum Bakery Palayam Rd, Thycaud\nThiruvananthapuram, Kerala\n','76.9538494','8.4905082','2013-01-26','22:00:07','15'),(121,'Address:\n127/353[3], Trivandrum Bakery Palayam Rd, Thycaud\nThiruvananthapuram, Kerala\nGandhi Bhavan Rd, Thycaud\nThiruvananthapuram, Kerala\n','76.95590489234067','8.491492393514772','2013-01-26','22:00:08','15'),(122,'Address:\n127/353[3], Trivandrum Bakery Palayam Rd, Thycaud\nThiruvananthapuram, Kerala\n','76.9538494','8.4905082','2013-01-26','22:05:19','15'),(123,'Address:\n127/353[3], Trivandrum Bakery Palayam Rd, Thycaud\nThiruvananthapuram, Kerala\nGandhi Bhavan Rd, Thycaud\nThiruvananthapuram, Kerala\n','76.95595805429332','8.491440771906095','2013-01-26','22:05:22','15'),(124,'Address:\n127/353[3], Trivandrum Bakery Palayam Rd, Thycaud\nThiruvananthapuram, Kerala\n','76.9538494','8.4905082','2013-01-26','22:06:16','15'),(125,'Address:\n127/353[3], Trivandrum Bakery Palayam Rd, Thycaud\nThiruvananthapuram, Kerala\nGandhi Bhavan Rd, Thycaud\nThiruvananthapuram, Kerala\n','76.9558132','8.4908818','2013-01-26','22:06:17','15'),(126,'Address:\n127/353[3], Trivandrum Bakery Palayam Rd, Thycaud\nThiruvananthapuram, Kerala\n','76.9538494','8.4905082','2013-01-26','22:06:31','15'),(127,'Address:\n127/353[3], Trivandrum Bakery Palayam Rd, Thycaud\nThiruvananthapuram, Kerala\nGandhi Bhavan Rd, Thycaud\nThiruvananthapuram, Kerala\n','76.9558132','8.4908818','2013-01-26','22:06:33','15'),(128,'Address:\nGandhi Bhavan Rd, Thycaud\nThiruvananthapuram, Kerala\n','76.9558132','8.4908818','2013-01-26','22:28:22','15'),(129,'Address:\n127/353[3], Trivandrum Bakery Palayam Rd, Thycaud\nThiruvananthapuram, Kerala\n','76.9538494','8.4905082','2013-01-26','22:29:58','15'),(130,'Address:\n127/353[3], Trivandrum Bakery Palayam Rd, Thycaud\nThiruvananthapuram, Kerala\nGandhi Bhavan Rd, Thycaud\nThiruvananthapuram, Kerala\n','76.9560088431756','8.491414739036763','2013-01-26','22:30:00','15'),(131,'Address:\nGandhi Bhavan Rd, Thycaud\nThiruvananthapuram, Kerala\n','76.9558132','8.4908818','2013-01-26','22:30:52','15'),(132,'Address:\nGandhi Bhavan Rd, Thycaud\nThiruvananthapuram, Kerala\n','76.95602317645772','8.491482161024457','2013-01-26','22:32:23','15'),(133,'Address:\nGandhi Bhavan Rd, Thycaud\nThiruvananthapuram, Kerala\n127/353[3], Trivandrum Bakery Palayam Rd, Thycaud\nThiruvananthapuram, Kerala\n','76.9538494','8.4905082','2013-01-26','22:32:24','15'),(134,'Address:\n127/353[3], Trivandrum Bakery Palayam Rd, Thycaud\nThiruvananthapuram, Kerala\n','76.9538494','8.4905082','2013-01-26','22:33:48','15'),(135,'Address:\n127/353[3], Trivandrum Bakery Palayam Rd, Thycaud\nThiruvananthapuram, Kerala\nGandhi Bhavan Rd, Thycaud\nThiruvananthapuram, Kerala\n','76.95582031736555','8.491459546171523','2013-01-26','22:33:49','15'),(136,'Address:\nGandhi Bhavan Rd, Thycaud\nThiruvananthapuram, Kerala\n','76.95588340281854','8.491462808296843','2013-01-26','22:34:06','15'),(137,'Address:\nAddress not available','76.9538494','8.4905082','2013-01-26','22:35:56','15'),(138,'Address:\nAddress not availableGandhi Bhavan Rd, Thycaud\nThiruvananthapuram, Kerala\n','76.9558132','8.4908818','2013-01-26','22:36:01','15'),(139,'Address:\n127/353[3], Trivandrum Bakery Palayam Rd, Thycaud\nThiruvananthapuram, Kerala\n','76.9538494','8.4905082','2013-01-26','22:36:23','15'),(140,'Address:\n127/353[3], Trivandrum Bakery Palayam Rd, Thycaud\nThiruvananthapuram, Kerala\nGandhi Bhavan Rd, Thycaud\nThiruvananthapuram, Kerala\n','76.95561037901422','8.49110400504118','2013-01-26','22:36:25','15'),(141,'Address:\n127/353[3], Trivandrum Bakery Palayam Rd, Thycaud\nThiruvananthapuram, Kerala\n','76.9538494','8.4905082','2013-01-26','22:37:04','15'),(142,'Address:\n127/353[3], Trivandrum Bakery Palayam Rd, Thycaud\nThiruvananthapuram, Kerala\nGandhi Bhavan Rd, Thycaud\nThiruvananthapuram, Kerala\n','76.95578340620797','8.491356103331142','2013-01-26','22:37:05','15'),(143,'Address:\n127/353[3], Trivandrum Bakery Palayam Rd, Thycaud\nThiruvananthapuram, Kerala\n','76.9538494','8.4905082','2013-01-26','22:37:45','15'),(144,'Address:\n127/353[3], Trivandrum Bakery Palayam Rd, Thycaud\nThiruvananthapuram, Kerala\nGandhi Bhavan Rd, Thycaud\nThiruvananthapuram, Kerala\n','76.95589244567914','8.491314016564864','2013-01-26','22:37:47','15'),(145,'Address:\n127/353[3], Trivandrum Bakery Palayam Rd, Thycaud\nThiruvananthapuram, Kerala\n','76.9538494','8.4905082','2013-01-26','22:39:12','15'),(146,'Address:\n127/353[3], Trivandrum Bakery Palayam Rd, Thycaud\nThiruvananthapuram, Kerala\nGandhi Bhavan Rd, Thycaud\nThiruvananthapuram, Kerala\n','76.9558132','8.4908818','2013-01-26','22:39:13','15'),(147,'Address:\n127/353[3], Trivandrum Bakery Palayam Rd, Thycaud\nThiruvananthapuram, Kerala\n','76.9538494','8.4905082','2013-01-26','22:59:30','16'),(148,'Address:\n127/353[3], Trivandrum Bakery Palayam Rd, Thycaud\nThiruvananthapuram, Kerala\nGandhi Bhavan Rd, Thycaud\nThiruvananthapuram, Kerala\n','76.9558132','8.4908818','2013-01-26','22:59:31','16'),(149,'Address:\nGandhi Bhavan Rd, Thycaud\nThiruvananthapuram, Kerala\n','76.9558132','8.4908818','2013-01-26','23:03:48','17'),(150,'Address:\nGandhi Bhavan Rd, Thycaud\nThiruvananthapuram, Kerala\n','76.9558132','8.4908818','2013-01-26','23:18:48','17'),(151,'Address:\n127/353[3], Trivandrum Bakery Palayam Rd, Thycaud\nThiruvananthapuram, Kerala\n','76.9538494','8.4905082','2013-01-26','23:19:25','17'),(152,'Address:\n127/353[3], Trivandrum Bakery Palayam Rd, Thycaud\nThiruvananthapuram, Kerala\nGandhi Bhavan Rd, Thycaud\nThiruvananthapuram, Kerala\n','76.95608551353966','8.491565873509638','2013-01-26','23:19:26','17'),(153,'Address:\n127/353[3], Trivandrum Bakery Palayam Rd, Thycaud\nThiruvananthapuram, Kerala\n','76.9538494','8.4905082','2013-01-26','23:45:27','17'),(154,'Address:\n127/353[3], Trivandrum Bakery Palayam Rd, Thycaud\nThiruvananthapuram, Kerala\nGandhi Bhavan Rd, Thycaud\nThiruvananthapuram, Kerala\n','76.9558132','8.4908818','2013-01-26','23:45:29','17'),(155,'Address:\nGandhi Bhavan Rd, Thycaud\nThiruvananthapuram, Kerala\n','76.9558132','8.4908818','2013-01-26','23:53:45','17'),(156,'Address:\nGandhi Bhavan Rd, Thycaud\nThiruvananthapuram, Kerala\n','76.9558132','8.4908818','2013-01-27','13:23:22','17'),(157,'Address:\nAddress not available','76.9538494','8.4905082','2013-01-27','13:23:10','17'),(158,'Address:\nAddress not availableGandhi Bhavan Rd, Thycaud\nThiruvananthapuram, Kerala\n','76.9558132','8.4908818','2013-01-27','13:23:12','17'),(159,'Address:\nGandhi Bhavan Rd, Thycaud\nThiruvananthapuram, Kerala\n','76.9558132','8.4908818','2013-01-27','13:25:22','17'),(160,'Address:\nAddress not available','76.9558132','8.4908818','2013-01-27','13:28:41','17'),(161,'Address:\n127/353[3], Trivandrum Bakery Palayam Rd, Thycaud\nThiruvananthapuram, Kerala\n','76.9538494','8.4905082','2013-01-27','13:31:26','17'),(162,'Address:\n127/353[3], Trivandrum Bakery Palayam Rd, Thycaud\nThiruvananthapuram, Kerala\nGandhi Bhavan Rd, Thycaud\nThiruvananthapuram, Kerala\n','76.9558132','8.4908818','2013-01-27','13:31:27','17'),(163,'Address:\nAddress not available','76.95601082290933','8.491414502536719','2013-01-27','13:49:49','17'),(164,'Address:\nGandhi Bhavan Rd, Thycaud\nThiruvananthapuram, Kerala\n','76.9558132','8.4908818','2013-01-27','13:50:15','17'),(165,'Address:\n127/353[3], Trivandrum Bakery Palayam Rd, Thycaud\nThiruvananthapuram, Kerala\n','76.9538494','8.4905082','2013-01-27','14:17:23','17'),(166,'Address:\n127/353[3], Trivandrum Bakery Palayam Rd, Thycaud\nThiruvananthapuram, Kerala\nGandhi Bhavan Rd, Thycaud\nThiruvananthapuram, Kerala\n','76.9558132','8.4908818','2013-01-27','14:17:23','17'),(167,'Address:\n127/353[3], Trivandrum Bakery Palayam Rd, Thycaud\nThiruvananthapuram, Kerala\n','76.9538494','8.4905082','2013-01-27','14:18:44','17'),(168,'Address:\n127/353[3], Trivandrum Bakery Palayam Rd, Thycaud\nThiruvananthapuram, Kerala\nGandhi Bhavan Rd, Thycaud\nThiruvananthapuram, Kerala\n','76.9558132','8.4908818','2013-01-27','14:18:56','17'),(169,'Address:\nGandhi Bhavan Rd, Thycaud\nThiruvananthapuram, Kerala\n','76.95604037760906','8.491315008095349','2013-01-27','14:24:28','17'),(170,'Address:\nAddress not available','76.9538494','8.4905082','2013-01-27','14:27:37','17'),(171,'Address:\nAddress not availableGandhi Bhavan Rd, Thycaud\nThiruvananthapuram, Kerala\n','76.95593004832487','8.491466513889408','2013-01-27','14:27:40','17'),(172,'Address:\n127/353[3], Trivandrum Bakery Palayam Rd, Thycaud\nThiruvananthapuram, Kerala\n','76.9538494','8.4905082','2013-01-27','14:31:00','17'),(173,'Address:\n127/353[3], Trivandrum Bakery Palayam Rd, Thycaud\nThiruvananthapuram, Kerala\nGandhi Bhavan Rd, Thycaud\nThiruvananthapuram, Kerala\n','76.9558132','8.4908818','2013-01-27','14:31:09','17'),(174,'Address:\n127/353[3], Trivandrum Bakery Palayam Rd, Thycaud\nThiruvananthapuram, Kerala\n','76.9538494','8.4905082','2013-01-27','14:33:36','17'),(175,'Address:\n127/353[3], Trivandrum Bakery Palayam Rd, Thycaud\nThiruvananthapuram, Kerala\nGandhi Bhavan Rd, Thycaud\nThiruvananthapuram, Kerala\n','76.9558132','8.4908818','2013-01-27','14:33:43','17'),(176,'Address:\n127/353[3], Trivandrum Bakery Palayam Rd, Thycaud\nThiruvananthapuram, Kerala\n','76.9538494','8.4905082','2013-01-27','14:34:31','17'),(177,'Address:\n127/353[3], Trivandrum Bakery Palayam Rd, Thycaud\nThiruvananthapuram, Kerala\nGandhi Bhavan Rd, Thycaud\nThiruvananthapuram, Kerala\n','76.9558132','8.4908818','2013-01-27','14:34:33','17'),(178,'Address:\n127/353[3], Trivandrum Bakery Palayam Rd, Thycaud\nThiruvananthapuram, Kerala\n','76.9538494','8.4905082','2013-01-27','14:48:37','17'),(179,'Address:\n127/353[3], Trivandrum Bakery Palayam Rd, Thycaud\nThiruvananthapuram, Kerala\nGandhi Bhavan Rd, Thycaud\nThiruvananthapuram, Kerala\n','76.9558132','8.4908818','2013-01-27','14:48:38','17'),(180,'Address:\n127/353[3], Trivandrum Bakery Palayam Rd, Thycaud\nThiruvananthapuram, Kerala\n','76.9538494','8.4905082','2013-01-27','14:50:31','17'),(181,'Address:\n127/353[3], Trivandrum Bakery Palayam Rd, Thycaud\nThiruvananthapuram, Kerala\nGandhi Bhavan Rd, Thycaud\nThiruvananthapuram, Kerala\n','76.9558132','8.4908818','2013-01-27','14:50:39','17'),(182,'Address:\n127/353[3], Trivandrum Bakery Palayam Rd, Thycaud\nThiruvananthapuram, Kerala\n','76.9538494','8.4905082','2013-01-27','15:05:23','17'),(183,'Address:\n127/353[3], Trivandrum Bakery Palayam Rd, Thycaud\nThiruvananthapuram, Kerala\nGandhi Bhavan Rd, Thycaud\nThiruvananthapuram, Kerala\n','76.9558132','8.4908818','2013-01-27','15:05:24','17'),(184,'Address:\n127/353[3], Trivandrum Bakery Palayam Rd, Thycaud\nThiruvananthapuram, Kerala\n','76.9538494','8.4905082','2013-01-27','15:08:03','17'),(185,'Address:\n127/353[3], Trivandrum Bakery Palayam Rd, Thycaud\nThiruvananthapuram, Kerala\nGandhi Bhavan Rd, Thycaud\nThiruvananthapuram, Kerala\n','76.95594112743994','8.491509643018464','2013-01-27','15:08:04','17'),(186,'Address:\n127/353[3], Trivandrum Bakery Palayam Rd, Thycaud\nThiruvananthapuram, Kerala\n','76.9538494','8.4905082','2013-01-27','15:30:16','17'),(187,'Address:\n127/353[3], Trivandrum Bakery Palayam Rd, Thycaud\nThiruvananthapuram, Kerala\nGandhi Bhavan Rd, Thycaud\nThiruvananthapuram, Kerala\n','76.9558132','8.4908818','2013-01-27','15:30:23','17'),(188,'Address:\n127/353[3], Trivandrum Bakery Palayam Rd, Thycaud\nThiruvananthapuram, Kerala\n','76.9538494','8.4905082','2013-01-27','15:31:43','17'),(189,'Address:\n127/353[3], Trivandrum Bakery Palayam Rd, Thycaud\nThiruvananthapuram, Kerala\nGandhi Bhavan Rd, Thycaud\nThiruvananthapuram, Kerala\n','76.95598161991518','8.491487883267197','2013-01-27','15:31:45','17'),(190,'Address:\nKanyakumari-Panvel Rd, Thampanoor\nThiruvananthapuram, Kerala\n','76.9490181','8.4878605','2013-01-27','15:33:14','17'),(191,'Address:\nKanyakumari-Panvel Rd, Thampanoor\nThiruvananthapuram, Kerala\nGandhi Bhavan Rd, Thycaud\nThiruvananthapuram, Kerala\n','76.9558132','8.4908818','2013-01-27','15:33:23','17'),(192,'Address:\nGandhi Bhavan Rd, Thycaud\nThiruvananthapuram, Kerala\n','76.9558132','8.4908818','2013-01-27','15:38:19','17'),(193,'Address:\n127/353[3], Trivandrum Bakery Palayam Rd, Thycaud\nThiruvananthapuram, Kerala\n','76.9538494','8.4905082','2013-01-27','15:38:57','17'),(194,'Address:\n127/353[3], Trivandrum Bakery Palayam Rd, Thycaud\nThiruvananthapuram, Kerala\nGandhi Bhavan Rd, Thycaud\nThiruvananthapuram, Kerala\n','76.9558132','8.4908818','2013-01-27','15:38:59','17'),(195,'Address:\n127/353[3], Trivandrum Bakery Palayam Rd, Thycaud\nThiruvananthapuram, Kerala\n','76.9538494','8.4905082','2013-01-27','15:40:40','17'),(196,'Address:\n127/353[3], Trivandrum Bakery Palayam Rd, Thycaud\nThiruvananthapuram, Kerala\nGandhi Bhavan Rd, Thycaud\nThiruvananthapuram, Kerala\n','76.9558132','8.4908818','2013-01-27','15:40:50','17'),(197,'Address:\n127/353[3], Trivandrum Bakery Palayam Rd, Thycaud\nThiruvananthapuram, Kerala\n','76.9538552','8.4905089','2013-01-28','11:02:28','18'),(198,'Address:\n127/353[3], Trivandrum Bakery Palayam Rd, Thycaud\nThiruvananthapuram, Kerala\nGandhi Bhavan Rd, Thycaud\nThiruvananthapuram, Kerala\n','76.9558132','8.4908818','2013-01-28','11:02:29','18'),(199,'Address:\n127/353[3], Trivandrum Bakery Palayam Rd, Thycaud\nThiruvananthapuram, Kerala\n','76.9538552','8.4905089','2013-01-28','11:04:52','18'),(200,'Address:\n127/353[3], Trivandrum Bakery Palayam Rd, Thycaud\nThiruvananthapuram, Kerala\nGandhi Bhavan Rd, Thycaud\nThiruvananthapuram, Kerala\n','76.9558132','8.4908818','2013-01-28','11:05:02','18'),(201,'Address:\n127/353[3], Trivandrum Bakery Palayam Rd, Thycaud\nThiruvananthapuram, Kerala\n','76.9538552','8.4905089','2013-01-28','11:10:51','18'),(202,'Address:\n127/353[3], Trivandrum Bakery Palayam Rd, Thycaud\nThiruvananthapuram, Kerala\nGandhi Bhavan Rd, Thycaud\nThiruvananthapuram, Kerala\n','76.95583479999999','8.491094','2013-01-28','11:11:01','18'),(203,'Address:\n127/353[3], Trivandrum Bakery Palayam Rd, Thycaud\nThiruvananthapuram, Kerala\n','76.9538552','8.4905089','2013-01-28','11:25:56','18'),(204,'Address:\n127/353[3], Trivandrum Bakery Palayam Rd, Thycaud\nThiruvananthapuram, Kerala\nGandhi Bhavan Rd, Thycaud\nThiruvananthapuram, Kerala\n','76.9558132','8.4908818','2013-01-28','11:26:03','18'),(205,'Address:\nAddress not available','76.9538552','8.4905089','2013-01-28','11:27:52','18'),(206,'Address:\nAddress not availableGandhi Bhavan Rd, Thycaud\nThiruvananthapuram, Kerala\n','76.95583479999999','8.491094','2013-01-28','11:27:58','18'),(207,'Address:\n127/353[3], Trivandrum Bakery Palayam Rd, Thycaud\nThiruvananthapuram, Kerala\n','8.4905089','76.9538552','2013-01-28','12:17:04','18'),(208,'Address:\n127/353[3], Trivandrum Bakery Palayam Rd, Thycaud\nThiruvananthapuram, Kerala\nGandhi Bhavan Rd, Thycaud\nThiruvananthapuram, Kerala\n','8.4908818','76.9558132','2013-01-28','12:17:05','18'),(209,'Address:\nAddress not available','37.422005','-122.084095','2013-01-28','14:25:01','19'),(210,'Address:\n127/353[3], Trivandrum Bakery Palayam Rd, Thycaud\nThiruvananthapuram, Kerala\n','8.4905089','76.9538552','2013-01-28','14:31:27','18'),(211,'Address:\n127/353[3], Trivandrum Bakery Palayam Rd, Thycaud\nThiruvananthapuram, Kerala\nGandhi Bhavan Rd, Thycaud\nThiruvananthapuram, Kerala\n','8.4908818','76.9558132','2013-01-28','14:31:28','18'),(212,'Address:\nGandhi Bhavan Rd, Thycaud\nThiruvananthapuram, Kerala\n','8.491192237019902','76.95620181171181','2013-01-28','14:39:16','18'),(213,'Address:\n127/353[3], Trivandrum Bakery Palayam Rd, Thycaud\nThiruvananthapuram, Kerala\n','8.4905089','76.9538552','2013-01-28','14:40:36','18'),(214,'Address:\n127/353[3], Trivandrum Bakery Palayam Rd, Thycaud\nThiruvananthapuram, Kerala\nGandhi Bhavan Rd, Thycaud\nThiruvananthapuram, Kerala\n','8.4908818','76.9558132','2013-01-28','14:40:38','18'),(215,'Address:\n127/353[3], Trivandrum Bakery Palayam Rd, Thycaud\nThiruvananthapuram, Kerala\n','8.4905089','76.9538552','2013-01-28','14:44:19','18'),(216,'Address:\n127/353[3], Trivandrum Bakery Palayam Rd, Thycaud\nThiruvananthapuram, Kerala\nGandhi Bhavan Rd, Thycaud\nThiruvananthapuram, Kerala\n','8.491194753074586','76.95606374686471','2013-01-28','14:44:20','18'),(217,'Address:\nAddress not available','8.4905089','76.9538552','2013-01-28','15:44:28','20'),(218,'Address:\nAddress not availableAddress not available','8.4908818','76.9558132','2013-01-28','15:44:33','20');
/*!40000 ALTER TABLE `gps_location` ENABLE KEYS */;
UNLOCK TABLES;

--
-- Table structure for table `login`
--

DROP TABLE IF EXISTS `login`;
/*!40101 SET @saved_cs_client     = @@character_set_client */;
/*!40101 SET character_set_client = utf8 */;
CREATE TABLE `login` (
  `login_id` int(11) NOT NULL AUTO_INCREMENT,
  `username` varchar(50) DEFAULT NULL,
  `password` varchar(50) DEFAULT NULL,
  PRIMARY KEY (`login_id`)
) ENGINE=InnoDB AUTO_INCREMENT=21 DEFAULT CHARSET=latin1;
/*!40101 SET character_set_client = @saved_cs_client */;

--
-- Dumping data for table `login`
--

LOCK TABLES `login` WRITE;
/*!40000 ALTER TABLE `login` DISABLE KEYS */;
INSERT INTO `login` VALUES (1,'smisha','123'),(2,'anu','123'),(3,'bnnn','4455'),(4,'jkll','jkl'),(5,'null','null'),(6,'fgbn','dgbhj'),(7,'xcbnn','fhmm'),(8,'xvnm','xnm'),(9,'dhkl','zvn'),(10,'vn','fnll'),(11,'xvhk','sghjj'),(12,'a.\nanjh\nA.\na.\na.\nanju','abc'),(13,'dgh jk','vnm'),(14,'jmu','pw0t'),(15,'Cab ','12345'),(16,'jazz ','a'),(17,'jazza','a'),(18,'b ','123'),(19,'ash','sa'),(20,'omo','m0m0n0');
/*!40000 ALTER TABLE `login` ENABLE KEYS */;
UNLOCK TABLES;

--
-- Table structure for table `message_inbox`
--

DROP TABLE IF EXISTS `message_inbox`;
/*!40101 SET @saved_cs_client     = @@character_set_client */;
/*!40101 SET character_set_client = utf8 */;
CREATE TABLE `message_inbox` (
  `inbox_id` int(11) NOT NULL AUTO_INCREMENT,
  `phonenumber` varchar(50) DEFAULT NULL,
  `message` varchar(200) DEFAULT NULL,
  `date_of_message` date DEFAULT NULL,
  `time_of_message` time DEFAULT NULL,
  `login_id` varchar(20) DEFAULT NULL,
  PRIMARY KEY (`inbox_id`)
) ENGINE=InnoDB AUTO_INCREMENT=35 DEFAULT CHARSET=latin1;
/*!40101 SET character_set_client = @saved_cs_client */;

--
-- Dumping data for table `message_inbox`
--

LOCK TABLES `message_inbox` WRITE;
/*!40000 ALTER TABLE `message_inbox` DISABLE KEYS */;
INSERT INTO `message_inbox` VALUES (1,'999998477','hi','2026-07-12','00:00:10','1'),(2,'888898477','hi','2026-07-12','00:00:10','2'),(3,'88898477','hi','2026-07-12','00:00:10','3'),(4,'88898477','hivd','2026-07-12','00:00:10','3'),(5,'999998477','hisdf','2026-07-12','00:00:10','1'),(6,'888898477','hisvads','2026-07-12','00:00:10','1'),(7,'null','null','2012-12-28','14:42:28','8'),(8,'+919747489421','Helo,hw are u?','2012-12-28','14:54:53','15'),(9,'null','null','2013-01-01','13:10:15',NULL),(10,'215','hgdr','2013-01-01','13:11:47','1'),(11,'9947850625','hi how are you','2013-01-01','14:38:47','1'),(12,'+918891909931','Hai','2013-01-04','17:21:35','3'),(13,'+918891909931','Hai','2013-01-04','17:22:50','3'),(14,'+918891909931','Hai','2013-01-04','17:23:21','3'),(15,'+918891909931','Hai','2013-01-04','17:24:17','3'),(16,'+918891909931','Hai','2013-01-04','17:24:21','3'),(17,'+918891909931','Hai','2013-01-05','13:32:34','3'),(18,'+918891909931','Hai','2013-01-05','13:33:46','3'),(19,'+918891909931','Hai','2013-01-05','13:35:04','3'),(20,'+918891909931','Helo','2013-01-05','13:40:43','3'),(21,'+918891909931','Koooii....','2013-01-05','14:42:24','3'),(22,'+918891909931','Koooii....','2013-01-05','14:42:57','3'),(23,'+919747489421','Hî','2013-01-26','22:39:35','15'),(24,'+919747489421','Hî','2013-01-27','13:39:32','17'),(25,'IL-612345','10p/min!!Now local idea calls @ just 10p/min!!Recharge with RV 69 & enjoy Local Idea calls at 10p/Min for 30 days .Dial 500278 or #69 now','2013-01-28','12:18:31','18'),(26,'849549','ksfdls','2013-01-28','14:14:14','19'),(27,'849549','ksfdls','2013-01-28','14:24:10','19'),(28,'1','ksfdlsm..,','2013-01-28','14:25:44','19'),(29,'1667','ksfdlsm..,','2013-01-28','14:26:11','19'),(30,'+918891909931','Hai','2013-01-28','14:41:52','18'),(31,'23456','ruoplpo','2013-01-28','16:14:48','19'),(32,'56789','loutyui','2013-01-28','16:22:19','19'),(33,'1','ju','2013-01-28','16:23:48','19'),(34,'100','tyuii','2013-01-28','16:35:15','19');
/*!40000 ALTER TABLE `message_inbox` ENABLE KEYS */;
UNLOCK TABLES;

--
-- Table structure for table `message_outbox`
--

DROP TABLE IF EXISTS `message_outbox`;
/*!40101 SET @saved_cs_client     = @@character_set_client */;
/*!40101 SET character_set_client = utf8 */;
CREATE TABLE `message_outbox` (
  `outbox_id` int(11) NOT NULL AUTO_INCREMENT,
  `phonenumber` varchar(50) DEFAULT NULL,
  `message` varchar(200) DEFAULT NULL,
  `date_of_message` date DEFAULT NULL,
  `time_of_message` time DEFAULT NULL,
  `login_id` varchar(20) DEFAULT NULL,
  PRIMARY KEY (`outbox_id`)
) ENGINE=InnoDB AUTO_INCREMENT=19 DEFAULT CHARSET=latin1;
/*!40101 SET character_set_client = @saved_cs_client */;

--
-- Dumping data for table `message_outbox`
--

LOCK TABLES `message_outbox` WRITE;
/*!40000 ALTER TABLE `message_outbox` DISABLE KEYS */;
INSERT INTO `message_outbox` VALUES (1,'999998477','hihgh','2026-07-12','00:00:10','1'),(2,'888898477','hibc','2026-07-12','00:00:10','2'),(3,'88898477','hicgh','2026-07-12','00:00:10','3'),(4,' 9747489421','hello',NULL,NULL,'3'),(5,'null','null','2012-12-28','15:38:42','8'),(6,'null','null','2012-12-28','15:38:42','8'),(7,'null','null','2012-12-28','15:38:43','8'),(8,'null','null','2012-12-28','15:39:17','8'),(9,'null','null','2012-12-28','15:39:17','8'),(10,'null','null','2013-01-28','16:20:04','19'),(11,'null','null','2013-01-28','16:20:05','19'),(12,'null','null','2013-01-28','16:24:29','19'),(13,'null','null','2013-01-28','16:24:30','19'),(14,'1241234','bsfsdbfsd','2013-01-28','16:26:49','20'),(15,'null','null','2013-01-28','16:30:13','19'),(16,'null','null','2013-01-28','16:30:14','19'),(17,'null','null','2013-01-28','16:30:15','19'),(18,'5','Helloo.....','2013-01-28','16:34:46','19');
/*!40000 ALTER TABLE `message_outbox` ENABLE KEYS */;
UNLOCK TABLES;

--
-- Table structure for table `registration`
--

DROP TABLE IF EXISTS `registration`;
/*!40101 SET @saved_cs_client     = @@character_set_client */;
/*!40101 SET character_set_client = utf8 */;
CREATE TABLE `registration` (
  `register_id` int(11) NOT NULL AUTO_INCREMENT,
  `name` varchar(60) DEFAULT NULL,
  `phone` varchar(50) DEFAULT NULL,
  `approval_flag` varchar(20) DEFAULT NULL,
  `email` varchar(60) DEFAULT NULL,
  `address` varchar(60) DEFAULT NULL,
  `login_id` varchar(60) DEFAULT NULL,
  PRIMARY KEY (`register_id`)
) ENGINE=InnoDB AUTO_INCREMENT=21 DEFAULT CHARSET=latin1;
/*!40101 SET character_set_client = @saved_cs_client */;

--
-- Dumping data for table `registration`
--

LOCK TABLES `registration` WRITE;
/*!40000 ALTER TABLE `registration` DISABLE KEYS */;
INSERT INTO `registration` VALUES (1,'smisha','9947850625','1','isha9001@gmail.com','krishna','1'),(3,'ggh','1266','1','dddc','bnnnn','3'),(4,'jfgjkl;gkepgke','67888','0','fgjj','gghjjkklll','4'),(5,'null','null','0','null','null','5'),(6,'dghhh','fghjk','0','cgnm','cvbnn','6'),(7,'sfvbnnn','dhkkl','0','cbmm','cvbn','7'),(8,'sfghn','fn','0','vnm','xvnm','8'),(9,'ertghjk','dghkkl','0','zvnm','dghjk','9'),(10,'dgjj','fhkl','0','chkl','vn','10'),(11,'w you jvvf','s dgh j','0','dghj','bncc gj h','11'),(12,'anne \n\nAb\na.\na.\nanju','th f dc','0','asf bxv','qrhb','12'),(13,'fhj','fvn','0','gmm','fj','13'),(14,'ju','468558','0','tmu','pmt','14'),(15,'pullout ','75555558','0','12345','tellin ','15'),(16,'cab','5666','0','a','loom ','16'),(17,'cab','5666','0','a','loom ','17'),(18,'n k','455358','0','123','though ','18'),(19,'aswathy','9496816424','0','geeduu90','indeevram','19'),(20,'omo','58555','0','no','m8m','20');
/*!40000 ALTER TABLE `registration` ENABLE KEYS */;
UNLOCK TABLES;

--
-- Table structure for table `restricted_area`
--

DROP TABLE IF EXISTS `restricted_area`;
/*!40101 SET @saved_cs_client     = @@character_set_client */;
/*!40101 SET character_set_client = utf8 */;
CREATE TABLE `restricted_area` (
  `areaid` int(11) NOT NULL AUTO_INCREMENT,
  `latitude` varchar(100) DEFAULT NULL,
  `longitude` varchar(100) DEFAULT NULL,
  `login_id` varchar(100) DEFAULT NULL,
  PRIMARY KEY (`areaid`)
) ENGINE=InnoDB AUTO_INCREMENT=509 DEFAULT CHARSET=latin1;
/*!40101 SET character_set_client = @saved_cs_client */;

--
-- Dumping data for table `restricted_area`
--

LOCK TABLES `restricted_area` WRITE;
/*!40000 ALTER TABLE `restricted_area` DISABLE KEYS */;
INSERT INTO `restricted_area` VALUES (1,'null','null','null'),(2,'10.186518','76.409192','1'),(3,'10.186518','76.409192','1'),(4,'10.191164','76.411424','1'),(5,'10.191164','76.411424','1'),(6,'10.191164','76.411424','1'),(7,'10.19108','76.411424','1'),(8,'10.19108','76.411424','1'),(9,'10.190995','76.411424','1'),(10,'10.203667','76.418977','1'),(11,'10.199274','76.408678','1'),(12,'null','null','null'),(13,'null','null','17'),(14,'null','null','17'),(15,'null','null','17'),(16,'null','null','17'),(17,'null','null','17'),(18,'null','null','17'),(19,'null','null','17'),(20,'null','null','17'),(21,'null','null','17'),(22,'null','null','17'),(23,'null','null','17'),(24,'null','null','17'),(25,'null','null','17'),(26,'null','null','17'),(27,'null','null','17'),(28,'null','null','17'),(29,'null','null','17'),(30,'null','null','17'),(31,'null','null','17'),(32,'null','null','17'),(33,'null','null','17'),(34,'null','null','17'),(35,'null','null','17'),(36,'null','null','17'),(37,'null','null','17'),(38,'null','null','17'),(39,'null','null','17'),(40,'null','null','17'),(41,'null','null','17'),(42,'null','null','17'),(43,'null','null','17'),(44,'null','null','17'),(45,'null','null','17'),(46,'null','null','17'),(47,'null','null','17'),(48,'null','null','17'),(49,'null','null','17'),(50,'null','null','17'),(51,'null','null','17'),(52,'null','null','17'),(53,'null','null','17'),(54,'null','null','17'),(55,'null','null','17'),(56,'null','null','17'),(57,'null','null','17'),(58,'null','null','17'),(59,'null','null','17'),(60,'null','null','17'),(61,'null','null','17'),(62,'null','null','17'),(63,'null','null','17'),(64,'null','null','17'),(65,'null','null','17'),(66,'null','null','17'),(67,'null','null','17'),(68,'null','null','17'),(69,'null','null','17'),(70,'null','null','17'),(71,'null','null','17'),(72,'null','null','17'),(73,'null','null','17'),(74,'null','null','17'),(75,'null','null','17'),(76,'null','null','17'),(77,'null','null','17'),(78,'null','null','17'),(79,'null','null','17'),(80,'null','null','17'),(81,'null','null','17'),(82,'null','null','17'),(83,'null','null','17'),(84,'null','null','17'),(85,'null','null','17'),(86,'null','null','17'),(87,'null','null','17'),(88,'null','null','17'),(89,'null','null','17'),(90,'null','null','17'),(91,'null','null','17'),(92,'null','null','17'),(93,'null','null','17'),(94,'null','null','17'),(95,'null','null','17'),(96,'null','null','17'),(97,'null','null','17'),(98,'null','null','17'),(99,'null','null','17'),(100,'null','null','17'),(101,'null','null','17'),(102,'null','null','17'),(103,'null','null','17'),(104,'null','null','17'),(105,'null','null','17'),(106,'null','null','17'),(107,'null','null','17'),(108,'null','null','17'),(109,'null','null','17'),(110,'null','null','17'),(111,'null','null','17'),(112,'null','null','17'),(113,'null','null','17'),(114,'null','null','17'),(115,'null','null','17'),(116,'null','null','17'),(117,'null','null','17'),(118,'null','null','17'),(119,'null','null','17'),(120,'null','null','17'),(121,'null','null','17'),(122,'null','null','17'),(123,'null','null','17'),(124,'null','null','17'),(125,'null','null','17'),(126,'null','null','17'),(127,'null','null','17'),(128,'null','null','17'),(129,'null','null','17'),(130,'null','null','17'),(131,'null','null','17'),(132,'null','null','17'),(133,'null','null','17'),(134,'null','null','17'),(135,'null','null','17'),(136,'null','null','17'),(137,'null','null','17'),(138,'null','null','17'),(139,'null','null','17'),(140,'null','null','17'),(141,'null','null','17'),(142,'null','null','17'),(143,'null','null','17'),(144,'null','null','17'),(145,'null','null','17'),(146,'null','null','17'),(147,'null','null','17'),(148,'null','null','17'),(149,'null','null','17'),(150,'null','null','17'),(151,'null','null','17'),(152,'null','null','17'),(153,'null','null','17'),(154,'null','null','17'),(155,'null','null','17'),(156,'null','null','17'),(157,'null','null','17'),(158,'null','null','17'),(159,'null','null','17'),(160,'null','null','17'),(161,'null','null','17'),(162,'null','null','17'),(163,'null','null','17'),(164,'null','null','17'),(165,'null','null','17'),(166,'null','null','17'),(167,'null','null','17'),(168,'null','null','17'),(169,'null','null','17'),(170,'null','null','17'),(171,'null','null','17'),(172,'null','null','17'),(173,'null','null','17'),(174,'null','null','17'),(175,'null','null','17'),(176,'null','null','17'),(177,'null','null','17'),(178,'null','null','17'),(179,'null','null','17'),(180,'null','null','17'),(181,'null','null','17'),(182,'null','null','17'),(183,'null','null','17'),(184,'null','null','17'),(185,'null','null','17'),(186,'null','null','17'),(187,'null','null','17'),(188,'null','null','17'),(189,'null','null','17'),(190,'null','null','17'),(191,'null','null','17'),(192,'null','null','17'),(193,'null','null','17'),(194,'null','null','17'),(195,'null','null','17'),(196,'null','null','17'),(197,'null','null','17'),(198,'null','null','17'),(199,'null','null','17'),(200,'null','null','17'),(201,'null','null','17'),(202,'null','null','17'),(203,'null','null','17'),(204,'null','null','17'),(205,'null','null','17'),(206,'null','null','17'),(207,'null','null','17'),(208,'null','null','17'),(209,'null','null','17'),(210,'null','null','17'),(211,'null','null','17'),(212,'null','null','17'),(213,'null','null','17'),(214,'null','null','17'),(215,'null','null','17'),(216,'null','null','17'),(217,'null','null','17'),(218,'null','null','17'),(219,'null','null','17'),(220,'null','null','17'),(221,'null','null','17'),(222,'null','null','17'),(223,'null','null','17'),(224,'null','null','17'),(225,'null','null','17'),(226,'null','null','17'),(227,'null','null','17'),(228,'null','null','17'),(229,'null','null','17'),(230,'null','null','17'),(231,'null','null','17'),(232,'null','null','17'),(233,'null','null','17'),(234,'null','null','17'),(235,'null','null','17'),(236,'null','null','17'),(237,'null','null','17'),(238,'null','null','17'),(239,'null','null','17'),(240,'null','null','17'),(241,'null','null','17'),(242,'null','null','17'),(243,'null','null','17'),(244,'null','null','17'),(245,'null','null','17'),(246,'null','null','17'),(247,'null','null','17'),(248,'null','null','17'),(249,'null','null','17'),(250,'null','null','17'),(251,'null','null','17'),(252,'null','null','17'),(253,'null','null','17'),(254,'null','null','17'),(255,'null','null','17'),(256,'null','null','17'),(257,'null','null','17'),(258,'null','null','17'),(259,'null','null','17'),(260,'null','null','17'),(261,'null','null','17'),(262,'null','null','17'),(263,'null','null','17'),(264,'null','null','17'),(265,'null','null','17'),(266,'null','null','17'),(267,'null','null','17'),(268,'null','null','17'),(269,'null','null','17'),(270,'null','null','17'),(271,'null','null','17'),(272,'null','null','17'),(273,'null','null','17'),(274,'null','null','17'),(275,'null','null','17'),(276,'null','null','17'),(277,'null','null','17'),(278,'null','null','17'),(279,'null','null','17'),(280,'null','null','17'),(281,'null','null','17'),(282,'null','null','17'),(283,'null','null','17'),(284,'null','null','17'),(285,'null','null','17'),(286,'null','null','17'),(287,'null','null','17'),(288,'null','null','17'),(289,'null','null','17'),(290,'null','null','17'),(291,'null','null','17'),(292,'null','null','17'),(293,'null','null','17'),(294,'null','null','17'),(295,'null','null','17'),(296,'null','null','17'),(297,'null','null','17'),(298,'null','null','17'),(299,'null','null','17'),(300,'null','null','17'),(301,'null','null','17'),(302,'null','null','17'),(303,'null','null','17'),(304,'null','null','17'),(305,'null','null','17'),(306,'null','null','17'),(307,'null','null','17'),(308,'null','null','17'),(309,'null','null','17'),(310,'null','null','17'),(311,'null','null','17'),(312,'null','null','17'),(313,'null','null','17'),(314,'null','null','17'),(315,'null','null','17'),(316,'null','null','17'),(317,'null','null','17'),(318,'null','null','17'),(319,'null','null','17'),(320,'null','null','17'),(321,'null','null','17'),(322,'null','null','17'),(323,'null','null','17'),(324,'null','null','17'),(325,'null','null','17'),(326,'null','null','17'),(327,'null','null','17'),(328,'null','null','17'),(329,'null','null','17'),(330,'null','null','17'),(331,'null','null','17'),(332,'null','null','17'),(333,'null','null','17'),(334,'null','null','17'),(335,'null','null','17'),(336,'null','null','17'),(337,'null','null','17'),(338,'null','null','17'),(339,'null','null','17'),(340,'null','null','17'),(341,'null','null','17'),(342,'null','null','17'),(343,'null','null','17'),(344,'null','null','17'),(345,'null','null','17'),(346,'null','null','17'),(347,'null','null','17'),(348,'null','null','17'),(349,'null','null','17'),(350,'null','null','17'),(351,'null','null','17'),(352,'null','null','17'),(353,'null','null','17'),(354,'null','null','17'),(355,'null','null','17'),(356,'null','null','17'),(357,'null','null','17'),(358,'null','null','17'),(359,'null','null','17'),(360,'null','null','17'),(361,'null','null','17'),(362,'null','null','17'),(363,'null','null','17'),(364,'null','null','17'),(365,'null','null','17'),(366,'null','null','17'),(367,'null','null','17'),(368,'null','null','17'),(369,'null','null','17'),(370,'null','null','17'),(371,'null','null','17'),(372,'null','null','17'),(373,'null','null','17'),(374,'null','null','17'),(375,'null','null','17'),(376,'null','null','17'),(377,'null','null','17'),(378,'null','null','17'),(379,'null','null','17'),(380,'null','null','17'),(381,'null','null','17'),(382,'null','null','17'),(383,'null','null','17'),(384,'null','null','17'),(385,'null','null','17'),(386,'null','null','17'),(387,'null','null','17'),(388,'null','null','17'),(389,'null','null','17'),(390,'null','null','17'),(391,'null','null','17'),(392,'null','null','17'),(393,'null','null','17'),(394,'null','null','17'),(395,'null','null','17'),(396,'null','null','17'),(397,'null','null','17'),(398,'null','null','17'),(399,'null','null','17'),(400,'null','null','17'),(401,'null','null','17'),(402,'null','null','17'),(403,'null','null','17'),(404,'null','null','17'),(405,'null','null','17'),(406,'null','null','17'),(407,'null','null','17'),(408,'null','null','17'),(409,'null','null','17'),(410,'null','null','17'),(411,'null','null','17'),(412,'null','null','17'),(413,'null','null','17'),(414,'null','null','17'),(415,'null','null','17'),(416,'null','null','17'),(417,'null','null','17'),(418,'null','null','17'),(419,'null','null','17'),(420,'null','null','17'),(421,'null','null','17'),(422,'null','null','17'),(423,'null','null','17'),(424,'null','null','17'),(425,'null','null','17'),(426,'null','null','17'),(427,'null','null','17'),(428,'null','null','17'),(429,'null','null','17'),(430,'null','null','17'),(431,'null','null','17'),(432,'null','null','17'),(433,'null','null','17'),(434,'null','null','17'),(435,'null','null','17'),(436,'null','null','17'),(437,'null','null','17'),(438,'null','null','17'),(439,'null','null','17'),(440,'null','null','17'),(441,'null','null','17'),(442,'null','null','17'),(443,'null','null','17'),(444,'null','null','17'),(445,'null','null','17'),(446,'null','null','17'),(447,'null','null','17'),(448,'null','null','17'),(449,'null','null','17'),(450,'null','null','17'),(451,'null','null','17'),(452,'null','null','17'),(453,'null','null','17'),(454,'null','null','17'),(455,'null','null','17'),(456,'null','null','17'),(457,'null','null','17'),(458,'null','null','17'),(459,'null','null','17'),(460,'null','null','17'),(461,'null','null','17'),(462,'null','null','17'),(463,'null','null','17'),(464,'null','null','17'),(465,'null','null','17'),(466,'null','null','17'),(467,'null','null','17'),(468,'null','null','17'),(469,'null','null','17'),(470,'null','null','17'),(471,'null','null','17'),(472,'null','null','17'),(473,'null','null','17'),(474,'null','null','17'),(475,'null','null','17'),(476,'null','null','17'),(477,'null','null','17'),(478,'null','null','17'),(479,'null','null','17'),(480,'null','null','17'),(481,'null','null','17'),(482,'null','null','17'),(483,'null','null','17'),(484,'null','null','17'),(485,'null','null','17'),(486,'null','null','17'),(487,'null','null','17'),(488,'null','null','17'),(489,'null','null','17'),(490,'null','null','17'),(491,'null','null','17'),(492,'null','null','17'),(493,'null','null','17'),(494,'null','null','17'),(495,'null','null','17'),(496,'null','null','17'),(497,'null','null','17'),(498,'null','null','17'),(499,'null','null','17'),(500,'null','null','17'),(501,'null','null','17'),(502,'null','null','17'),(503,'null','null','17'),(504,'null','null','17'),(505,'null','null','17'),(506,'null','null','17'),(507,'null','null','17'),(508,'null','null','17');
/*!40000 ALTER TABLE `restricted_area` ENABLE KEYS */;
UNLOCK TABLES;

--
-- Table structure for table `simchange`
--

DROP TABLE IF EXISTS `simchange`;
/*!40101 SET @saved_cs_client     = @@character_set_client */;
/*!40101 SET character_set_client = utf8 */;
CREATE TABLE `simchange` (
  `sim_id` int(11) NOT NULL AUTO_INCREMENT,
  `notification` varchar(150) DEFAULT NULL,
  `statuz` varchar(150) DEFAULT NULL,
  `login_id` int(20) DEFAULT NULL,
  PRIMARY KEY (`sim_id`)
) ENGINE=InnoDB AUTO_INCREMENT=18146 DEFAULT CHARSET=latin1;
/*!40101 SET character_set_client = @saved_cs_client */;

--
-- Dumping data for table `simchange`
--

LOCK TABLES `simchange` WRITE;
/*!40000 ALTER TABLE `simchange` DISABLE KEYS */;
INSERT INTO `simchange` VALUES (15759,'null','2',2),(18142,'3','2',17),(18143,'Sim Changed','2',18),(18144,'Sim Not Changed','0',19),(18145,'initial','2',20);
/*!40000 ALTER TABLE `simchange` ENABLE KEYS */;
UNLOCK TABLES;

--
-- Table structure for table `web_history`
--

DROP TABLE IF EXISTS `web_history`;
/*!40101 SET @saved_cs_client     = @@character_set_client */;
/*!40101 SET character_set_client = utf8 */;
CREATE TABLE `web_history` (
  `web_id` int(11) NOT NULL AUTO_INCREMENT,
  `url` varchar(150) DEFAULT NULL,
  `title` varchar(150) DEFAULT NULL,
  `dateandtime` varchar(150) DEFAULT NULL,
  `login_id` int(50) DEFAULT NULL,
  PRIMARY KEY (`web_id`)
) ENGINE=InnoDB AUTO_INCREMENT=15 DEFAULT CHARSET=latin1;
/*!40101 SET character_set_client = @saved_cs_client */;

--
-- Dumping data for table `web_history`
--

LOCK TABLES `web_history` WRITE;
/*!40000 ALTER TABLE `web_history` DISABLE KEYS */;
INSERT INTO `web_history` VALUES (1,'http://www.bbc.co.uk/','BBC','Jan 1, 1970 5:30:00 AM',4),(2,'http://www.avamaze.com/','http://www.avamaze.com/','Jan 4, 2013 5:16:57 PM',3),(3,'http://www.manorama.com/','Manorama Online | Home','Jan 1, 2013 4:30:15 PM',2),(4,'http://hp.mobileweb.ebay.com/home','http://hp.mobileweb.ebay.com/home','Jan 5, 2013 3:31:09 PM',2),(5,'http://192.168.2.5:8080','http://192.168.2.5:8080','Jan 5, 2013 5:28:23 PM',6),(6,'http://192.168.2.5:8080','http://192.168.2.5:8080','Jan 5, 2013 5:28:23 PM',7),(7,'http://192.168.2.5:8080','http://192.168.2.5:8080','Jan 5, 2013 5:28:23 PM',8),(8,'http://192.168.2.5:8080','http://192.168.2.5:8080','Jan 5, 2013 5:28:23 PM',9),(9,'http://192.168.2.5:8080','http://192.168.2.5:8080','Jan 5, 2013 5:28:23 PM',10),(10,'http://192.168.2.5:8080','http://192.168.2.5:8080','Jan 5, 2013 5:28:23 PM',11),(11,'http://www.samsungapps.com/common/privacy.as?mcc=404','http://www.samsungapps.com/common/privacy.as?mcc=404','Jan 6, 2013 11:59:34 AM',11),(12,'http://www.samsungapps.com/common/privacy.as?mcc=404','http://www.samsungapps.com/common/privacy.as?mcc=404','Jan 6, 2013 11:59:34 AM',12),(13,'http://www.samsungapps.com/common/privacy.as?mcc=404','http://www.samsungapps.com/common/privacy.as?mcc=404','Jan 6, 2013 11:59:34 AM',13),(14,'http://www.google.co.in/','http://www.google.co.in/','Jan 5, 2013 4:49:14 PM',19);
/*!40000 ALTER TABLE `web_history` ENABLE KEYS */;
UNLOCK TABLES;
/*!40103 SET TIME_ZONE=@OLD_TIME_ZONE */;

/*!40101 SET SQL_MODE=@OLD_SQL_MODE */;
/*!40014 SET FOREIGN_KEY_CHECKS=@OLD_FOREIGN_KEY_CHECKS */;
/*!40014 SET UNIQUE_CHECKS=@OLD_UNIQUE_CHECKS */;
/*!40101 SET CHARACTER_SET_CLIENT=@OLD_CHARACTER_SET_CLIENT */;
/*!40101 SET CHARACTER_SET_RESULTS=@OLD_CHARACTER_SET_RESULTS */;
/*!40101 SET COLLATION_CONNECTION=@OLD_COLLATION_CONNECTION */;
/*!40111 SET SQL_NOTES=@OLD_SQL_NOTES */;

-- Dump completed on 2013-01-29  1:00:24
